entry_date,exit_date,ticker,entry_price,exit_price,position_eur,units,pnl_eur,pnl_pct,bars_held,max_r_mult,exit_reason
2016-06-01,2016-06-14,INDA,24.62,24.43,1000.0,40.6198,-7.63,-0.76,9,1.09,trailing_stop
2016-06-02,2016-06-15,NESTE.HE,7.76,7.64,1000.0,128.8168,-16.33,-1.63,9,0.92,trailing_stop
2016-06-02,2016-06-16,AVGO,11.92,12.0,1000.0,83.9188,6.89,0.69,10,1.42,trailing_stop
2016-06-02,2016-06-16,0700.HK,150.25,150.25,1000.0,6.6554,-0.0,-0.0,9,0.82,trailing_stop
2016-06-03,2016-06-16,AD.AS,14.87,14.11,1000.0,67.2663,-50.95,-5.1,9,0.0,trailing_stop
2016-06-03,2016-06-16,TMO,148.71,144.67,1000.0,6.7247,-27.12,-2.71,9,0.3,trailing_stop
2016-06-06,2016-06-17,UNH,117.25,117.25,1000.0,8.529,-0.0,-0.0,9,0.95,trailing_stop
2016-06-07,2016-06-20,WEAT,47.05,45.29,1000.0,21.2553,-37.26,-3.73,9,0.53,trailing_stop
2016-06-07,2016-06-24,EEM,27.63,26.75,1000.0,36.1893,-31.81,-3.18,13,0.69,trailing_stop
2016-06-20,2016-07-01,AMD,5.4,5.12,987.0,182.8897,-50.28,-5.1,9,0.11,trailing_stop
2016-06-30,2016-07-13,BATS.L,4668.29,4668.28,984.0,0.2107,-0.0,-0.0,9,1.32,trailing_stop
2016-06-30,2016-07-14,DLR,78.14,78.14,984.0,12.5873,-0.0,-0.0,9,1.01,trailing_stop
2016-06-03,2016-07-15,UNG,117.56,126.52,1000.0,8.5065,76.28,7.63,29,3.51,trailing_stop
2016-06-20,2016-07-15,EQIX,314.09,314.09,987.0,3.1416,-0.0,-0.0,18,0.87,trailing_stop
2016-07-01,2016-07-15,DGE.L,2082.37,2082.37,979.0,0.4699,-0.0,-0.0,10,0.61,trailing_stop
2016-06-29,2016-07-21,AEP,48.91,48.91,984.0,20.109,-0.0,-0.0,15,1.21,trailing_stop
2016-06-22,2016-07-25,GE,133.47,135.88,987.0,7.3933,17.82,1.81,22,2.47,trailing_stop
2016-06-30,2016-07-27,CPER,14.39,14.39,984.0,68.3309,-0.0,-0.0,18,1.69,trailing_stop
2016-07-15,2016-08-02,GS,133.28,127.11,986.0,7.3993,-45.68,-4.63,12,0.04,trailing_stop
2016-08-02,2016-08-15,PPLT,113.22,107.64,983.0,8.6855,-48.47,-4.93,9,0.02,trailing_stop
2016-07-21,2016-08-17,ASML,96.43,96.43,986.0,10.2266,-0.0,-0.0,19,1.17,trailing_stop
2016-07-25,2016-08-31,ADS.DE,126.66,136.26,988.0,7.8004,74.95,7.59,27,3.4,trailing_stop
2016-06-30,2016-09-09,LQD,87.29,87.6,984.0,11.2678,3.43,0.35,49,2.26,trailing_stop
2016-07-15,2016-09-13,PICK,14.97,14.21,986.0,65.8709,-50.25,-5.1,41,0.73,trailing_stop
2016-08-31,2016-09-14,WFC,38.98,37.25,986.0,25.2963,-43.69,-4.43,9,0.0,trailing_stop
2016-08-15,2016-09-15,9984.T,748.59,748.59,979.0,1.3072,-0.0,-0.0,23,1.44,trailing_stop
2016-06-27,2016-09-16,ORCL,33.62,34.25,984.0,29.2532,18.24,1.85,57,2.16,trailing_stop
2016-07-28,2016-09-29,VLO,35.66,36.42,988.0,27.705,21.16,2.14,44,2.12,trailing_stop
2016-09-09,2016-10-04,CCI,65.45,62.11,986.0,15.0714,-50.26,-5.09,17,0.0,trailing_stop
2016-09-26,2016-10-07,CPER,14.5,14.4,979.0,67.4836,-6.87,-0.7,9,0.0,trailing_stop
2016-09-27,2016-10-10,XEL,32.56,30.9,979.0,30.0627,-49.87,-5.1,9,0.0,trailing_stop
2016-10-04,2016-10-12,ERIC-B.ST,48.62,41.29,1283.0,26.3774,-193.47,-15.08,6,0.05,emergency_stop
2016-09-30,2016-10-13,AMZN,41.67,41.67,981.0,23.5393,-0.0,-0.0,9,0.46,trailing_stop
2016-07-14,2016-10-19,INTC,28.28,29.32,979.0,34.6044,36.22,3.7,68,2.3,trailing_stop
2016-07-15,2016-10-21,UNP,76.63,72.72,986.0,12.87,-50.25,-5.09,69,0.97,trailing_stop
2016-09-30,2016-10-25,CAT,70.99,68.4,981.0,13.8171,-35.83,-3.65,17,0.42,trailing_stop
2016-10-12,2016-10-26,USO,91.77,88.23,1258.0,13.7028,-48.51,-3.86,10,0.29,trailing_stop
2016-09-26,2016-11-04,IFX.DE,13.91,13.91,979.0,70.3844,-0.0,-0.0,28,1.6,trailing_stop
2016-10-04,2016-11-04,SMH,31.56,30.31,1283.0,40.6377,-50.87,-3.97,23,0.14,trailing_stop
2016-10-12,2016-11-09,6501.T,435.76,435.76,1258.0,2.8858,-0.0,-0.0,19,1.48,trailing_stop
2016-11-11,2016-11-25,BLK,295.86,295.86,1185.0,4.0062,-0.0,-0.0,9,0.16,trailing_stop
2016-11-11,2016-11-28,CRH,27.38,25.98,1185.0,43.2954,-60.39,-5.1,10,0.0,trailing_stop
2016-11-11,2016-11-28,BMY,40.77,40.77,1185.0,29.0716,-0.0,-0.0,10,0.2,trailing_stop
2016-11-11,2016-12-01,RTX,54.53,54.53,1185.0,21.736,-0.0,-0.0,13,0.41,trailing_stop
2016-11-11,2016-12-02,CHTR,269.34,269.34,1185.0,4.4006,-0.0,-0.0,14,0.56,trailing_stop
2016-12-01,2016-12-14,ITX.MC,24.2,24.2,1179.0,48.7203,-0.0,-0.0,9,0.8,trailing_stop
2016-11-11,2016-12-15,CAT,76.02,76.02,1185.0,15.5922,-0.0,-0.0,23,0.79,trailing_stop
2016-11-25,2016-12-15,SBUX,47.32,47.32,1185.0,25.0486,-0.0,-0.0,14,0.65,trailing_stop
2016-12-14,2017-01-09,COP,39.15,37.16,1179.0,30.1188,-60.08,-5.1,16,0.0,trailing_stop
2016-11-28,2017-01-18,7203.T,1015.75,1015.75,1179.0,1.1609,-0.0,-0.0,33,1.44,trailing_stop
2016-11-28,2017-01-24,VZ,30.8,31.84,1179.0,38.2871,39.95,3.39,38,2.43,trailing_stop
2016-12-02,2017-01-25,ENI.MI,7.67,8.57,1179.0,153.7283,138.68,11.76,37,3.55,trailing_stop
2017-01-09,2017-01-26,GDXJ,32.79,32.79,1173.0,35.7805,-0.0,-0.0,12,0.45,trailing_stop
2016-12-15,2017-01-30,9432.T,72.8,72.8,1179.0,16.1981,-0.0,-0.0,28,1.16,trailing_stop
2016-12-15,2017-02-06,EWG,20.83,21.82,1179.0,56.6017,55.84,4.74,34,3.17,trailing_stop
2017-01-26,2017-02-08,IBM,115.03,115.03,1191.0,10.3542,-0.0,-0.0,9,0.04,trailing_stop
2017-01-30,2017-02-10,TMUS,59.58,59.58,1191.0,19.9895,-0.0,-0.0,9,0.4,trailing_stop
2017-01-31,2017-02-13,9984.T,1028.89,1028.89,1201.0,1.1673,-0.0,-0.0,9,0.25,trailing_stop
2017-02-08,2017-02-22,GDXJ,38.45,36.49,1207.0,31.3812,-61.48,-5.1,9,0.0,trailing_stop
2017-01-18,2017-02-24,ASML,111.67,111.31,1173.0,10.5057,-3.84,-0.33,26,2.1,trailing_stop
2017-01-24,2017-02-24,AVGO,14.97,15.76,1177.0,78.6237,61.69,5.24,22,3.07,trailing_stop
2017-02-13,2017-02-24,SAN.PA,56.16,56.16,1207.0,21.4852,-0.0,-0.0,9,0.51,trailing_stop
2017-02-10,2017-03-01,AGG,83.99,83.99,1207.0,14.3658,-0.0,-0.0,12,0.95,trailing_stop
2016-11-11,2017-03-02,EMR,44.21,48.39,1185.0,26.8082,112.06,9.45,74,3.6,trailing_stop
2017-02-06,2017-03-03,AMD,12.47,12.99,1207.0,96.7436,49.64,4.11,18,2.27,trailing_stop
2017-03-01,2017-03-14,XBI,70.38,70.38,1206.0,17.1402,-0.0,-0.0,9,0.12,trailing_stop
2016-11-11,2017-03-21,XLI,51.78,55.5,1185.0,22.8922,85.35,7.2,87,4.0,trailing_stop
2016-11-11,2017-03-21,DIA,156.8,173.89,1185.0,7.559,129.19,10.9,87,6.55,trailing_stop
2017-02-27,2017-03-21,INTU,119.0,113.21,1206.0,10.1365,-58.73,-4.87,16,0.0,trailing_stop
2017-03-03,2017-03-21,CRM,81.1,81.1,1222.0,15.0738,-0.0,-0.0,12,0.58,trailing_stop
2017-03-14,2017-03-27,INGA.AS,8.71,8.26,1222.0,140.3934,-62.28,-5.1,9,0.0,trailing_stop
2017-03-22,2017-04-04,NKE,48.65,48.65,1238.0,25.4464,-0.0,-0.0,9,1.07,trailing_stop
2017-03-22,2017-04-11,EWT,20.56,20.16,1238.0,60.2262,-24.01,-1.94,14,0.42,trailing_stop
2017-03-21,2017-04-18,DGE.L,2331.13,2241.36,1238.0,0.5311,-47.67,-3.85,18,0.0,trailing_stop
2017-04-04,2017-04-19,DTE.DE,11.76,11.37,1348.0,114.6114,-44.77,-3.32,9,0.0,trailing_stop
2017-02-24,2017-04-25,ERIC-B.ST,46.35,43.99,1206.0,26.027,-61.46,-5.1,40,0.57,trailing_stop
2017-04-19,2017-05-02,PPLT,93.82,90.04,1336.0,14.2385,-53.85,-4.03,9,0.0,trailing_stop
2017-05-02,2017-05-15,SAND.ST,114.57,108.73,1386.0,12.0951,-70.6,-5.1,9,0.0,trailing_stop
2017-02-24,2017-05-17,META,133.36,144.76,1206.0,9.045,103.06,8.54,57,5.88,trailing_stop
2017-04-24,2017-05-18,SBUX,50.25,48.67,1336.0,26.5852,-41.98,-3.14,18,0.33,trailing_stop
2017-04-26,2017-05-18,VOLV-B.ST,90.26,85.66,1330.0,14.7321,-67.75,-5.1,15,0.01,trailing_stop
2017-05-17,2017-06-02,BP,22.4,21.97,1389.0,62.0067,-26.77,-1.93,11,0.45,trailing_stop
2017-05-16,2017-06-09,EWU,24.29,24.04,1379.0,56.7594,-14.31,-1.04,17,0.67,trailing_stop
2017-05-18,2017-06-09,BIDU,182.86,182.86,1378.0,7.5357,-0.0,-0.0,15,1.12,trailing_stop
2017-03-03,2017-06-12,SAP,81.97,92.4,1222.0,14.913,155.47,12.72,69,10.0,trailing_stop
2017-03-27,2017-06-12,AMT,94.91,103.41,1232.0,12.9792,110.42,8.96,53,5.09,trailing_stop
2017-04-04,2017-06-12,EQIX,339.1,357.96,1348.0,3.9739,74.93,5.56,47,3.17,trailing_stop
2017-06-02,2017-06-20,CHTR,348.46,330.7,1375.0,3.9469,-70.07,-5.09,12,0.0,trailing_stop
2017-06-09,2017-06-22,CORN,19.45,18.59,1374.0,70.6387,-60.36,-4.39,9,0.14,trailing_stop
2017-05-18,2017-06-26,DE,98.33,107.5,1378.0,14.0138,128.51,9.33,26,5.4,trailing_stop
2017-06-13,2017-06-26,MPC,41.64,39.52,1408.0,33.8137,-71.74,-5.1,9,0.0,trailing_stop
2017-03-21,2017-07-04,0700.HK,201.52,238.1,1238.0,6.1435,224.77,18.16,69,8.18,trailing_stop
2017-06-26,2017-07-07,NOVN.SW,50.88,48.33,1401.0,27.5285,-70.09,-5.0,9,0.0,trailing_stop
2017-06-26,2017-07-10,MRK,48.58,46.68,1401.0,28.8283,-54.82,-3.91,9,0.0,trailing_stop
2017-06-13,2017-07-18,SAND.ST,110.57,104.94,1408.0,12.7332,-71.74,-5.09,25,0.19,trailing_stop
2017-06-20,2017-07-18,WEAT,36.49,38.03,1401.0,38.3966,59.12,4.22,19,3.55,trailing_stop
2017-07-06,2017-07-19,7203.T,957.08,957.08,1596.0,1.6671,-0.0,-0.0,9,0.8,trailing_stop
2017-07-06,2017-07-24,7267.T,766.43,740.88,1596.0,2.0818,-53.19,-3.33,12,0.0,trailing_stop
2017-07-07,2017-07-24,SOYB,18.9,18.9,1589.0,84.0539,-0.0,-0.0,11,1.31,trailing_stop
2017-07-11,2017-07-24,BHP.AX,12.0,11.79,1583.0,131.9449,-27.43,-1.73,9,0.46,trailing_stop
2017-07-18,2017-08-02,BABA,143.62,143.62,1582.0,11.0134,-0.0,-0.0,11,1.02,trailing_stop
2017-07-19,2017-08-09,NFLX,18.32,17.38,1582.0,86.3639,-80.59,-5.1,15,0.58,trailing_stop
2017-07-24,2017-08-10,EWU,24.23,24.23,1574.0,64.9537,0.39,0.02,13,1.59,trailing_stop
2017-08-03,2017-08-16,BP,22.26,21.7,1574.0,70.7004,-39.19,-2.49,9,0.55,trailing_stop
2017-06-14,2017-08-17,PSX,57.61,58.91,1408.0,24.439,31.69,2.25,45,2.82,trailing_stop
2017-07-05,2017-08-18,NKE,51.92,49.28,1596.0,30.7305,-81.29,-5.09,32,0.65,trailing_stop
2017-08-09,2017-08-22,AD.AS,13.31,12.68,1566.0,117.6431,-74.06,-4.73,9,0.0,trailing_stop
2017-08-10,2017-08-23,SU.PA,57.96,57.96,1566.0,27.0136,-0.0,-0.0,9,0.12,trailing_stop
2017-07-24,2017-08-29,WBC.AX,20.59,19.97,1574.0,76.4168,-47.87,-3.04,26,0.53,trailing_stop
2017-08-24,2017-09-06,6861.T,27479.26,26698.88,1549.0,0.0564,-44.0,-2.84,9,0.19,trailing_stop
2017-08-18,2017-09-08,CPER,18.89,19.48,1557.0,82.4199,48.76,3.13,14,3.69,trailing_stop
2017-09-05,2017-09-18,TQQQ,4.55,4.55,1545.0,339.3987,-0.0,-0.0,9,0.25,trailing_stop
2017-09-06,2017-09-27,EWZ,25.63,25.63,1540.0,60.0912,-0.0,-0.0,15,1.23,trailing_stop
2017-09-05,2017-09-29,INTU,132.97,132.97,1545.0,11.6165,-0.0,-0.0,18,1.07,trailing_stop
2017-09-27,2017-10-11,T,15.88,15.88,1545.0,97.3208,-0.0,-0.0,10,0.67,trailing_stop
2017-06-13,2017-10-13,C,48.98,54.51,1408.0,28.7472,159.11,11.3,86,4.89,trailing_stop
2017-10-03,2017-10-19,SIE.DE,82.48,80.65,1655.0,20.0606,-36.71,-2.22,12,0.35,trailing_stop
2017-10-11,2017-10-24,SAP,98.98,98.98,1655.0,16.7166,-0.0,-0.0,9,0.52,trailing_stop
2017-09-19,2017-10-27,SPG,103.48,99.6,1545.0,14.9321,-57.82,-3.74,28,1.03,trailing_stop
2017-10-24,2017-11-08,ERIC-B.ST,42.33,42.33,1667.0,39.3785,-0.0,-0.0,11,0.57,trailing_stop
2017-06-28,2017-11-13,ISP.MI,1.57,1.57,1401.0,894.7699,-0.0,-0.0,97,1.75,trailing_stop
2017-09-04,2017-11-15,6501.T,639.49,739.03,1545.0,2.4154,240.45,15.57,52,7.54,trailing_stop
2017-10-03,2017-11-20,MUV2.DE,131.37,137.1,1655.0,12.5956,72.21,4.36,34,3.61,trailing_stop
2017-07-18,2017-11-29,ASML,130.53,162.35,1582.0,12.1181,385.57,24.38,94,9.11,trailing_stop
2017-10-19,2017-11-30,4063.T,1821.43,1993.14,1667.0,0.9152,157.14,9.43,30,7.24,trailing_stop
2017-10-13,2017-12-01,GOOGL,50.13,50.68,1671.0,33.3265,18.45,1.1,34,2.13,trailing_stop
2017-11-08,2017-12-01,0700.HK,343.08,350.28,1661.0,4.8417,34.85,2.1,17,3.03,trailing_stop
2017-11-15,2017-12-05,XEL,40.42,39.13,1685.0,41.6915,-53.62,-3.18,13,0.0,trailing_stop
2017-12-01,2017-12-14,8306.T,593.57,593.57,1752.0,2.9516,-0.0,-0.0,9,0.94,trailing_stop
2017-12-05,2017-12-21,IBM,104.99,102.1,1567.0,14.9202,-43.21,-2.76,12,0.04,trailing_stop
2017-12-14,2017-12-28,TSLA,22.76,21.6,1567.0,68.8374,-79.81,-5.1,9,0.12,trailing_stop
2017-12-21,2018-01-05,INTC,39.95,37.91,1562.0,39.1042,-79.59,-5.1,9,0.0,trailing_stop
2018-01-05,2018-01-19,IBM,109.01,109.72,1876.0,17.2116,12.09,0.64,9,1.77,trailing_stop
2017-11-13,2018-01-24,AD.AS,12.76,13.41,1661.0,130.2135,85.65,5.16,49,2.92,trailing_stop
2017-12-01,2018-01-25,UNP,105.54,111.86,1752.0,16.5995,104.84,5.98,36,3.92,trailing_stop
2017-09-08,2018-01-30,HD,130.46,161.36,1545.0,11.8433,365.97,23.69,98,10.67,trailing_stop
2017-12-05,2018-01-30,CVX,84.6,89.53,1567.0,18.5166,91.31,5.83,37,4.6,trailing_stop
2017-12-28,2018-01-30,BHP.AX,14.57,15.08,1554.0,106.6715,54.1,3.48,21,3.42,trailing_stop
2018-01-19,2018-02-01,AMAT,52.68,49.99,1877.0,35.6416,-95.66,-5.1,9,0.01,trailing_stop
2017-11-30,2018-02-02,XLI,63.88,68.08,1747.0,27.3426,114.94,6.58,43,6.68,trailing_stop
2017-11-30,2018-02-02,SPY,231.83,245.25,1747.0,7.534,101.1,5.79,43,7.97,trailing_stop
2017-11-20,2018-02-05,CSCO,28.17,31.9,1692.0,60.0836,224.56,13.27,51,6.16,trailing_stop
2018-01-03,2018-02-05,BNO,18.25,18.37,1884.0,103.2561,12.89,0.68,22,2.05,trailing_stop
2018-01-24,2018-02-06,XBI,95.12,90.27,1886.0,19.829,-96.09,-5.1,9,0.22,trailing_stop
2018-01-25,2018-02-07,UNG,105.23,99.86,1897.0,18.0236,-96.63,-5.09,9,0.26,trailing_stop
2018-01-30,2018-02-09,BABA,188.87,160.38,1948.0,10.312,-293.81,-15.09,8,0.54,emergency_stop
2018-01-30,2018-02-12,INTC,41.58,39.46,1948.0,46.8419,-99.23,-5.1,9,0.0,trailing_stop
2018-01-30,2018-02-12,NOVN.SW,52.78,50.09,1948.0,36.9025,-99.23,-5.1,9,0.0,trailing_stop
2018-02-02,2018-02-15,AMT,119.42,113.33,1960.0,16.4107,-99.85,-5.1,9,0.0,trailing_stop
2018-02-05,2018-02-16,META,185.82,176.35,1983.0,10.6742,-101.06,-5.1,9,0.0,trailing_stop
2018-02-01,2018-02-21,WEAT,31.43,31.43,1938.0,61.6617,-0.0,-0.0,13,0.82,trailing_stop
2018-02-02,2018-03-02,LMT,285.5,270.96,1960.0,6.8641,-99.85,-5.1,19,0.46,trailing_stop
2018-02-19,2018-03-02,FMG.AX,2.19,2.08,1895.0,863.6022,-96.54,-5.09,9,0.07,trailing_stop
2018-02-20,2018-03-05,RI.PA,107.79,105.27,1895.0,17.5787,-44.32,-2.34,9,0.43,trailing_stop
2018-02-20,2018-03-07,BMY,51.27,48.66,1895.0,36.9582,-96.54,-5.1,11,0.02,trailing_stop
2018-02-27,2018-03-13,AAPL,42.12,42.12,1895.0,44.9901,-0.0,-0.0,10,0.25,trailing_stop
2018-02-27,2018-03-14,NESTE.HE,16.01,15.2,1895.0,118.319,-96.54,-5.1,11,0.0,trailing_stop
2018-02-05,2018-03-22,NOK,4.66,4.66,1983.0,425.6135,-0.0,-0.0,32,1.36,trailing_stop
2018-02-28,2018-03-23,NFLX,29.34,30.01,1895.0,64.5847,43.31,2.29,17,1.82,trailing_stop
2018-02-28,2018-03-23,AMZN,76.05,76.07,1895.0,24.9156,0.36,0.02,17,0.9,trailing_stop
2018-03-12,2018-03-23,SCHW,51.89,49.25,1861.0,35.8651,-94.83,-5.1,9,0.0,trailing_stop
2018-02-27,2018-03-26,CSL.AX,149.14,142.76,1895.0,12.7054,-81.09,-4.28,19,0.39,trailing_stop
2018-03-13,2018-03-26,ABT,55.55,52.79,1861.0,33.5031,-92.38,-4.96,9,0.0,trailing_stop
2018-03-13,2018-03-26,PLD,51.2,49.06,1861.0,36.3493,-77.81,-4.18,9,0.16,trailing_stop
2018-03-13,2018-03-26,AMAT,56.14,53.28,1861.0,33.1527,-94.83,-5.1,9,0.0,trailing_stop
2018-03-14,2018-03-27,SMH,52.19,49.53,1851.0,35.4739,-94.33,-5.1,9,0.0,trailing_stop
2018-03-16,2018-04-12,NEE,32.5,32.5,1851.0,56.9611,-0.0,-0.0,18,1.11,trailing_stop
2018-04-19,2018-05-02,NFLX,33.32,31.62,1802.0,54.0895,-91.83,-5.1,9,0.0,trailing_stop
2018-04-19,2018-05-02,MRK,44.34,43.13,1802.0,40.6459,-49.09,-2.72,9,0.46,trailing_stop
2018-04-19,2018-05-03,IBM,101.11,95.95,1802.0,17.8261,-91.83,-5.1,10,0.0,trailing_stop
2018-04-20,2018-05-03,SLV,16.17,15.43,1802.0,111.488,-81.52,-4.52,9,0.0,trailing_stop
2018-04-20,2018-05-04,EOG,84.53,84.53,1802.0,21.3206,-0.0,-0.0,10,0.75,trailing_stop
2018-04-19,2018-05-17,PLD,53.05,50.89,1802.0,33.9764,-73.2,-4.06,20,0.33,trailing_stop
2018-05-11,2018-05-24,SIE.DE,82.72,82.72,1771.0,21.4093,-0.0,-0.0,9,0.39,trailing_stop
2018-05-11,2018-05-24,CVX,91.72,91.72,1771.0,19.3085,-0.0,-0.0,9,0.21,trailing_stop
2018-05-11,2018-05-25,BNO,21.51,21.51,1771.0,82.3237,-0.0,-0.0,10,0.76,trailing_stop
2018-05-11,2018-05-25,XOP,140.67,140.67,1771.0,12.589,-0.0,-0.0,10,1.25,trailing_stop
2018-04-20,2018-05-30,ABBN.SW,18.39,17.48,1802.0,98.0205,-88.75,-4.92,25,0.8,trailing_stop
2018-04-20,2018-06-04,USO,109.39,105.45,1802.0,16.4763,-64.93,-3.6,30,1.68,trailing_stop
2018-05-30,2018-06-15,WEAT,34.38,32.63,1755.0,51.0322,-89.4,-5.1,12,0.48,trailing_stop
2018-05-24,2018-06-19,BMW.DE,58.87,56.16,1764.0,29.9574,-81.21,-4.6,18,0.0,trailing_stop
2018-04-19,2018-06-25,INTU,171.65,192.67,1802.0,10.5,220.71,12.25,46,3.68,trailing_stop
2018-05-11,2018-06-25,NOW,35.88,34.05,1771.0,49.3565,-90.23,-5.09,30,0.61,trailing_stop
2018-06-25,2018-07-06,WBC.AX,20.09,20.09,1744.0,86.8284,-0.0,-0.0,9,0.35,trailing_stop
2018-06-25,2018-07-11,CBA.AX,53.46,53.46,1744.0,32.6269,-0.0,-0.0,12,0.98,trailing_stop
2018-04-20,2018-07-18,GDXJ,30.34,28.79,1802.0,59.4074,-91.83,-5.09,61,0.33,trailing_stop
2018-08-07,2018-08-21,AVB,139.81,139.81,1823.0,13.0417,-0.0,-0.0,10,0.39,trailing_stop
2018-07-12,2018-08-22,9984.T,1074.81,1136.1,1744.0,1.6228,99.46,5.7,29,4.09,trailing_stop
2018-08-08,2018-08-23,TMUS,62.86,62.86,1823.0,29.0072,-0.0,-0.0,11,0.39,trailing_stop
2018-05-28,2018-08-29,ITX.MC,22.22,21.08,1764.0,79.382,-89.85,-5.1,67,1.37,trailing_stop
2018-08-21,2018-09-04,PSA,163.71,156.43,1823.0,11.1374,-81.03,-4.44,9,0.0,trailing_stop
2018-06-15,2018-09-05,DIS,102.88,105.31,1739.0,16.9061,41.14,2.37,56,2.56,trailing_stop
2018-06-19,2018-09-10,UNH,224.33,231.99,1731.0,7.717,59.11,3.41,57,2.51,trailing_stop
2018-08-31,2018-09-17,NOW,39.64,39.64,1824.0,46.0214,-0.0,-0.0,10,0.69,trailing_stop
2018-09-04,2018-09-17,XBI,99.37,94.32,1816.0,18.2768,-92.34,-5.08,9,0.0,trailing_stop
2018-05-31,2018-09-18,TLT,97.65,94.8,1755.0,17.97,-51.17,-2.92,76,0.76,trailing_stop
2018-09-17,2018-09-28,PDD,26.01,26.01,1817.0,69.867,-0.0,-0.0,9,0.18,trailing_stop
2018-05-31,2018-10-03,IEF,85.44,84.16,1755.0,20.5363,-26.28,-1.5,87,0.97,trailing_stop
2018-09-14,2018-10-04,TMUS,66.0,66.0,1826.0,27.6677,-0.0,-0.0,14,0.88,trailing_stop
2018-09-18,2018-10-08,RTX,73.02,73.1,1812.0,24.8137,1.92,0.11,14,1.1,trailing_stop
2018-09-17,2018-10-09,9984.T,1304.19,1304.19,1817.0,1.3932,-0.0,-0.0,16,1.01,trailing_stop
2018-09-11,2018-10-10,AVGO,19.36,19.36,1826.0,94.3171,-0.0,-0.0,21,1.22,trailing_stop
2018-07-18,2018-10-11,JPM,89.8,90.7,1735.0,19.3207,17.45,1.01,60,1.82,trailing_stop
2018-09-28,2018-10-11,EMB,75.25,74.21,1812.0,24.0774,-25.15,-1.39,9,0.0,trailing_stop
2018-10-03,2018-10-16,TMO,244.36,231.91,1809.0,7.4038,-92.18,-5.1,9,0.0,trailing_stop
2018-10-10,2018-10-23,GE,62.14,58.97,1809.0,29.1184,-92.19,-5.1,9,0.0,trailing_stop
2018-10-04,2018-10-29,UNG,107.51,102.03,1809.0,16.8287,-92.18,-5.1,17,0.47,trailing_stop
2018-07-09,2018-12-06,SAN.PA,55.28,57.12,1744.0,31.5533,58.25,3.34,108,3.08,trailing_stop
2018-12-05,2018-12-18,TEF.MC,4.44,4.44,1454.0,327.29,-0.0,-0.0,9,0.11,trailing_stop
2018-12-05,2018-12-18,IFX.DE,17.1,16.23,1454.0,84.9827,-74.06,-5.09,9,0.0,trailing_stop
2018-12-05,2018-12-18,ITX.MC,21.41,20.32,1454.0,67.8841,-74.06,-5.1,9,0.0,trailing_stop
2018-12-05,2018-12-19,ROG.SW,204.35,193.94,1454.0,7.1132,-74.06,-5.1,10,0.0,trailing_stop
2018-12-06,2018-12-19,AMD,20.24,19.21,1459.0,72.1045,-74.36,-5.1,9,0.07,trailing_stop
2018-12-06,2018-12-19,UNH,243.7,231.29,1459.0,5.9884,-74.36,-5.1,9,0.0,trailing_stop
2018-12-05,2018-12-21,ISP.MI,1.24,1.17,1454.0,1176.4488,-74.06,-5.1,12,0.0,trailing_stop
2018-12-05,2018-12-21,OR.PA,190.24,180.54,1454.0,7.6409,-74.06,-5.09,12,0.0,trailing_stop
2018-10-11,2018-12-24,O,39.32,42.86,1809.0,45.9974,162.97,9.01,50,5.18,trailing_stop
2018-12-06,2018-12-24,ED,63.49,60.9,1459.0,22.9874,-59.55,-4.08,12,0.53,trailing_stop
2019-01-23,2019-02-05,UNH,239.0,239.0,1418.0,5.9324,-0.0,-0.0,9,0.22,trailing_stop
2019-01-22,2019-02-07,CAT,116.41,110.48,1418.0,12.1797,-72.24,-5.09,12,0.21,trailing_stop
2019-01-23,2019-02-07,TMO,238.3,238.3,1418.0,5.9498,-0.0,-0.0,11,0.38,trailing_stop
2019-01-23,2019-02-07,XLV,79.59,79.59,1418.0,17.814,-0.0,-0.0,11,0.37,trailing_stop
2019-01-23,2019-02-07,EWG,22.28,22.28,1418.0,63.6511,-0.0,-0.0,11,0.86,trailing_stop
2019-01-23,2019-02-15,DE,144.41,144.41,1418.0,9.818,-0.0,-0.0,17,0.57,trailing_stop
2019-02-07,2019-02-21,GOOGL,55.23,55.23,1411.0,25.5413,-0.0,-0.0,9,0.33,trailing_stop
2019-02-05,2019-02-28,PG,82.22,82.22,1418.0,17.244,-0.0,-0.0,16,0.58,trailing_stop
2019-01-22,2019-03-08,SPXL,36.92,39.99,1418.0,38.4025,117.75,8.31,32,2.15,trailing_stop
2019-02-28,2019-03-14,PPLT,82.6,79.05,1411.0,17.0773,-60.6,-4.3,10,0.0,trailing_stop
2019-03-08,2019-03-25,BATS.L,3041.99,3041.99,1422.0,0.4676,-0.0,-0.0,11,0.86,trailing_stop
2019-03-14,2019-03-27,AVB,157.08,157.08,1416.0,9.0168,-0.0,-0.0,9,0.28,trailing_stop
2019-03-28,2019-04-11,LLY,118.23,114.51,1416.0,11.9795,-44.61,-3.15,10,0.05,trailing_stop
2019-02-07,2019-04-12,ROG.SW,212.67,217.22,1411.0,6.6328,30.19,2.14,46,2.29,trailing_stop
2019-04-02,2019-04-17,RIO.AX,63.82,63.82,1584.0,24.8143,-0.0,-0.0,11,0.53,trailing_stop
2019-02-08,2019-05-01,CPER,17.71,17.71,1411.0,79.6619,-0.0,-0.0,56,1.96,trailing_stop
2019-04-15,2019-05-06,0700.HK,351.34,333.44,1582.0,4.5031,-80.61,-5.1,12,0.0,trailing_stop
2019-01-23,2019-05-07,TQQQ,5.14,7.45,1418.0,275.9659,638.55,45.04,72,5.02,trailing_stop
2019-01-23,2019-05-07,QQQ,155.93,177.89,1418.0,9.0926,199.62,14.08,72,4.35,trailing_stop
2019-02-15,2019-05-07,ERIC-B.ST,70.26,72.84,1411.0,20.0772,51.74,3.67,54,2.82,trailing_stop
2019-03-25,2019-05-07,AMD,26.32,26.32,1416.0,53.82,-0.0,-0.0,30,1.15,trailing_stop
2019-04-11,2019-05-30,6758.T,972.33,1003.64,1579.0,1.624,50.85,3.22,29,2.75,trailing_stop
2019-05-07,2019-05-31,HSBC,29.94,28.54,1655.0,55.2896,-77.42,-4.68,17,0.0,trailing_stop
2019-05-02,2019-06-04,PHIA.AS,30.26,28.99,1582.0,52.2822,-66.68,-4.21,23,0.26,trailing_stop
2019-02-07,2019-06-17,BP,28.97,27.77,1411.0,48.6994,-58.33,-4.14,89,1.83,trailing_stop
2019-06-14,2019-06-27,JNJ,117.08,117.08,1646.0,14.06,-0.0,-0.0,9,0.54,trailing_stop
2019-06-13,2019-07-02,NAB.AX,20.02,19.44,1646.0,82.239,-47.34,-2.88,13,0.0,trailing_stop
2019-06-19,2019-07-02,TSLA,15.02,15.02,1640.0,109.1916,-0.0,-0.0,9,0.09,trailing_stop
2019-06-28,2019-07-15,MPC,44.13,44.13,1640.0,37.1676,-0.0,-0.0,10,0.35,trailing_stop
2019-07-02,2019-07-16,SAP,125.72,122.79,1737.0,13.8148,-40.52,-2.33,9,0.41,trailing_stop
2019-06-13,2019-07-25,TEF.MC,4.41,4.26,1646.0,373.2997,-56.52,-3.43,30,0.61,trailing_stop
2019-07-15,2019-07-26,UNH,238.55,226.4,1737.0,7.2805,-88.49,-5.1,9,0.12,trailing_stop
2019-06-12,2019-07-29,6501.T,709.39,673.25,1646.0,2.3205,-83.87,-5.1,32,0.99,trailing_stop
2019-07-16,2019-07-31,TMUS,76.37,76.37,1733.0,22.6889,-0.0,-0.0,11,1.62,trailing_stop
2019-07-02,2019-08-02,GS,175.26,176.02,1737.0,9.9101,7.55,0.43,22,2.14,trailing_stop
2019-06-13,2019-08-05,HYG,60.4,60.41,1646.0,27.2522,0.22,0.01,36,1.5,trailing_stop
2019-06-17,2019-08-05,PLD,67.33,65.81,1640.0,24.3629,-37.09,-2.26,34,1.0,trailing_stop
2019-07-25,2019-08-07,SCHW,40.45,34.35,1727.0,42.6963,-260.53,-15.08,9,0.0,emergency_stop
2019-07-26,2019-08-08,MMM,116.59,110.65,1718.0,14.7369,-87.54,-5.1,9,0.0,trailing_stop
2019-06-17,2019-08-09,ENEL.MI,4.1,4.18,1640.0,399.9053,33.26,2.03,39,2.25,trailing_stop
2019-07-29,2019-08-12,ABI.BR,82.71,79.22,1710.0,20.6717,-72.27,-4.23,10,0.6,trailing_stop
2019-08-05,2019-08-26,8306.T,399.42,379.07,1707.0,4.2736,-86.97,-5.1,14,0.0,trailing_stop
2019-09-09,2019-09-23,IFX.DE,15.88,16.14,1711.0,107.7109,27.76,1.62,10,1.89,trailing_stop
2019-09-09,2019-09-23,VOLV-B.ST,93.35,94.49,1711.0,18.329,20.99,1.23,10,1.63,trailing_stop
2019-09-10,2019-09-23,TMO,285.47,285.47,1711.0,5.9934,-0.0,-0.0,9,0.61,trailing_stop
2019-09-09,2019-09-24,UCG.MI,8.31,8.31,1711.0,205.8666,-0.0,-0.0,11,1.36,trailing_stop
2019-09-09,2019-09-24,ABBN.SW,15.56,15.69,1711.0,109.9839,14.22,0.83,11,1.56,trailing_stop
2019-09-11,2019-09-24,SLB,32.07,30.44,1711.0,53.3479,-87.17,-5.1,9,0.62,trailing_stop
2019-09-06,2019-10-01,GLD,143.78,137.67,1711.0,11.8995,-72.71,-4.25,17,0.2,trailing_stop
2019-07-31,2019-10-02,GSK,30.54,30.67,1710.0,55.9815,7.32,0.43,44,2.0,trailing_stop
2019-09-10,2019-10-03,ZURN.SW,268.27,268.27,1711.0,6.3778,-0.0,-0.0,17,1.29,trailing_stop
2019-09-24,2019-10-07,ENI.MI,9.49,9.01,1709.0,179.9849,-87.05,-5.09,9,0.0,trailing_stop
2019-09-25,2019-10-10,SAN.PA,67.37,64.42,1709.0,25.3609,-74.79,-4.38,11,0.04,trailing_stop
2019-10-02,2019-10-29,AVB,172.23,172.23,1702.0,9.8823,-0.0,-0.0,19,1.37,trailing_stop
2019-09-24,2019-11-04,DTE.DE,12.54,12.61,1709.0,136.24,9.52,0.56,28,2.85,trailing_stop
2019-10-08,2019-11-11,PEP,113.95,109.51,1693.0,14.8593,-66.05,-3.9,24,0.02,trailing_stop
2019-11-06,2019-11-19,UNG,90.77,86.15,1687.0,18.5827,-85.94,-5.09,9,0.0,trailing_stop
2019-09-24,2019-12-02,ERIC-B.ST,66.09,70.05,1709.0,25.8525,102.51,6.0,49,2.64,trailing_stop
2019-10-15,2019-12-02,EWT,24.54,25.58,1686.0,68.6875,71.2,4.22,33,3.93,trailing_stop
2019-10-01,2019-12-03,WFC,42.82,44.61,1701.0,39.7328,71.06,4.18,44,2.45,trailing_stop
2019-10-29,2019-12-03,INTC,49.5,49.5,1686.0,34.0562,-0.0,-0.0,24,1.14,trailing_stop
2019-11-19,2019-12-03,AMAT,58.64,55.65,1672.0,28.5053,-85.17,-5.1,9,0.0,trailing_stop
2019-09-24,2020-01-08,AI.PA,87.83,90.68,1709.0,19.4533,55.5,3.25,74,2.46,trailing_stop
2020-01-08,2020-01-22,GE,58.18,55.22,1693.0,29.1003,-86.26,-5.1,9,0.23,trailing_stop
2019-09-23,2020-01-27,ROG.SW,232.22,260.39,1716.0,7.3889,208.17,12.13,84,5.88,trailing_stop
2019-12-02,2020-01-28,6501.T,768.08,785.9,1689.0,2.1989,39.19,2.32,36,2.63,trailing_stop
2019-08-02,2020-02-03,AAPL,49.26,73.07,1711.0,34.7278,827.11,48.35,126,14.88,trailing_stop
2019-12-05,2020-02-03,6758.T,1381.36,1460.9,1688.0,1.2216,97.17,5.76,37,3.73,trailing_stop
2020-01-27,2020-02-07,INTC,58.91,58.91,1705.0,28.9459,-0.0,-0.0,9,0.23,trailing_stop
2019-12-06,2020-02-20,DHR,127.56,138.16,1688.0,13.2291,140.23,8.31,50,4.06,trailing_stop
2020-02-07,2020-02-21,NOVO-B.CO,197.27,197.27,2282.0,11.5655,-0.0,-0.0,10,0.29,trailing_stop
2019-10-17,2020-02-24,KBC.BR,41.84,46.46,1686.0,40.2956,186.42,11.06,89,4.49,trailing_stop
2020-02-03,2020-02-24,MSFT,161.61,164.36,1802.0,11.1477,30.67,1.7,14,3.18,trailing_stop
2020-02-04,2020-02-24,AMZN,101.6,101.77,2282.0,22.4569,4.03,0.18,13,1.67,trailing_stop
2020-02-07,2020-02-24,ISP.MI,1.64,1.65,2282.0,1389.4638,8.24,0.36,11,1.24,trailing_stop
2020-01-22,2020-02-27,COST,286.82,275.91,1684.0,5.8729,-64.04,-3.8,25,1.39,trailing_stop
2020-02-24,2020-02-27,MPC,47.56,40.39,2318.0,48.7485,-349.74,-15.08,3,0.0,emergency_stop
2019-12-03,2020-02-28,WEAT,28.23,26.89,1688.0,59.7814,-79.75,-4.73,59,1.93,trailing_stop
2020-02-21,2020-02-28,GDXJ,40.53,34.42,2296.0,56.6397,-346.28,-15.08,5,0.18,emergency_stop
2020-02-24,2020-02-28,PLD,82.91,70.41,2318.0,27.9622,-349.74,-15.08,4,0.0,emergency_stop
2020-02-24,2020-02-28,DLR,111.63,94.79,2318.0,20.7699,-349.74,-15.09,4,0.0,emergency_stop
2020-02-24,2020-02-28,O,59.06,50.15,2318.0,39.2561,-349.74,-15.09,4,0.0,emergency_stop
2020-01-28,2020-03-09,LQD,104.89,105.76,1709.0,16.2949,14.18,0.83,28,5.04,trailing_stop
2020-04-21,2020-05-04,TQQQ,7.5,7.5,2131.0,284.0981,-0.0,-0.0,9,0.72,trailing_stop
2020-04-21,2020-05-05,NESN.SW,91.28,86.63,2131.0,23.3467,-108.57,-5.1,9,0.0,trailing_stop
2020-04-21,2020-05-05,ERIC-B.ST,70.98,67.36,2131.0,30.0239,-108.57,-5.09,9,0.0,trailing_stop
2020-04-21,2020-05-13,DIA,208.53,208.53,2131.0,10.219,-0.0,-0.0,16,0.95,trailing_stop
2020-04-21,2020-05-14,SPXL,30.1,30.1,2131.0,70.7958,-0.0,-0.0,17,0.98,trailing_stop
2020-04-21,2020-05-18,SAN.PA,70.37,70.37,2131.0,30.2821,-0.0,-0.0,18,1.02,trailing_stop
2020-05-07,2020-05-20,NAB.AX,12.64,12.0,2332.0,184.5005,-118.84,-5.1,9,0.0,trailing_stop
2020-05-07,2020-05-27,NOW,73.87,73.87,2332.0,31.5756,-0.0,-0.0,13,0.6,trailing_stop
2020-05-13,2020-05-27,LSEG.L,8048.83,8048.83,2332.0,0.2898,-0.0,-0.0,9,0.92,trailing_stop
2020-05-28,2020-06-11,INGA.AS,4.3,4.46,2321.0,540.1953,89.29,3.85,10,1.73,trailing_stop
2020-04-21,2020-06-26,GOOGL,61.73,67.71,2131.0,34.5205,206.3,9.68,47,2.53,trailing_stop
2020-05-04,2020-06-26,META,199.01,216.96,2131.0,10.708,192.25,9.02,38,2.57,trailing_stop
2020-06-11,2020-07-16,AMZN,130.31,145.96,2329.0,17.877,279.81,12.01,24,4.98,trailing_stop
2020-05-14,2020-07-27,PDD,58.44,78.02,2332.0,39.9124,781.4,33.5,50,6.24,trailing_stop
2020-07-16,2020-07-30,RIO,39.48,39.48,2397.0,60.717,-0.0,-0.0,10,0.72,trailing_stop
2020-04-21,2020-07-31,XBI,93.07,107.11,2131.0,22.8966,321.47,15.09,71,3.67,trailing_stop
2020-07-02,2020-08-07,CPER,17.25,17.59,2369.0,137.3737,47.42,2.0,25,2.41,trailing_stop
2020-07-02,2020-08-11,AGG,100.26,100.94,2369.0,23.6324,16.24,0.69,27,3.14,trailing_stop
2020-05-28,2020-08-12,EWZ,18.19,20.21,2321.0,127.5444,257.06,11.08,53,2.79,trailing_stop
2020-07-31,2020-08-14,RI.PA,125.4,120.92,2508.0,19.997,-89.54,-3.57,10,0.29,trailing_stop
2020-05-05,2020-08-21,OR.PA,231.4,254.32,2332.0,10.0797,231.03,9.91,78,2.32,trailing_stop
2020-08-14,2020-08-27,EMR,62.09,62.09,4074.0,65.6242,-0.0,-0.0,9,0.18,trailing_stop
2020-05-20,2020-08-28,BHP.AX,20.77,22.7,2321.0,111.7214,215.73,9.3,71,2.71,trailing_stop
2020-07-27,2020-09-01,ULVR.L,4986.68,4732.61,2475.0,0.4964,-126.12,-5.1,25,0.44,trailing_stop
2020-08-04,2020-09-01,NOK,4.53,4.3,4051.0,893.9806,-206.42,-5.1,20,0.13,trailing_stop
2020-08-21,2020-09-03,JD,67.72,69.89,4098.0,60.5042,131.36,3.21,9,1.62,trailing_stop
2020-08-11,2020-09-08,META,258.64,267.37,4058.0,15.6885,136.86,3.37,19,2.46,trailing_stop
2020-08-27,2020-09-10,CRM,264.06,250.6,4098.0,15.5177,-208.77,-5.1,9,0.71,trailing_stop
2020-09-01,2020-09-21,INTC,45.74,43.96,4086.0,89.3339,-159.03,-3.89,13,0.72,trailing_stop
2020-09-02,2020-09-21,CPER,18.71,18.71,4086.0,218.3954,-0.0,-0.0,12,0.75,trailing_stop
2020-08-28,2020-09-24,SOYB,15.01,15.49,4119.0,274.3354,129.19,3.14,18,3.56,trailing_stop
2020-09-04,2020-09-24,KO,43.18,40.98,4099.0,94.9308,-208.85,-5.1,13,0.25,trailing_stop
2020-09-18,2020-10-01,ITX.MC,20.81,19.75,4092.0,196.629,-208.48,-5.1,9,0.0,trailing_stop
2020-10-07,2020-10-21,LSEG.L,8995.4,8537.09,4154.0,0.4618,-211.65,-5.1,10,0.0,trailing_stop
2020-10-05,2020-10-23,DUK,73.5,73.5,4047.0,55.0665,-0.0,-0.0,14,0.63,trailing_stop
2020-10-12,2020-10-23,BAS.DE,40.25,38.2,4154.0,103.2015,-211.65,-5.1,9,0.0,trailing_stop
2020-10-12,2020-10-23,IBM,97.66,92.69,4154.0,42.5345,-211.65,-5.1,9,0.0,trailing_stop
2020-10-09,2020-10-26,INDA,33.04,31.96,4154.0,125.7142,-136.34,-3.28,11,0.0,trailing_stop
2020-05-05,2020-10-27,NESTE.HE,25.7,39.3,2332.0,90.7396,1234.07,52.91,123,5.95,trailing_stop
2020-08-12,2020-10-28,DE,178.26,211.02,4083.0,22.9071,750.42,18.38,54,6.04,trailing_stop
2020-10-09,2020-10-28,WEAT,29.28,29.28,4154.0,141.8789,-0.0,-0.0,13,1.05,trailing_stop
2020-10-21,2020-10-29,NOK,3.84,3.26,4133.0,1076.4406,-623.45,-15.09,6,0.13,emergency_stop
2020-11-09,2020-11-10,JD,83.93,71.27,3850.0,45.8686,-580.72,-15.09,1,0.0,emergency_stop
2020-11-06,2020-11-19,ROG.SW,271.2,257.38,3850.0,14.1948,-196.14,-5.09,9,0.0,trailing_stop
2020-11-09,2020-11-23,QCOM,133.71,126.9,3850.0,28.7908,-196.14,-5.09,10,0.0,trailing_stop
2020-11-06,2020-12-09,BMY,51.8,49.17,3850.0,74.3181,-195.66,-5.08,22,0.26,trailing_stop
2020-11-25,2020-12-10,ETN,113.13,107.36,3752.0,33.1697,-191.18,-5.09,10,0.0,trailing_stop
2020-11-11,2020-12-21,SAN.MC,1.86,2.07,3792.0,2040.7199,439.59,11.59,28,3.14,trailing_stop
2020-11-19,2020-12-21,WBC.AX,15.02,15.03,3772.0,251.1493,1.58,0.04,22,1.36,trailing_stop
2020-12-10,2020-12-23,T,16.59,15.74,3714.0,223.8692,-189.21,-5.1,9,0.0,trailing_stop
2020-12-10,2020-12-23,NOK,3.71,3.52,3714.0,1000.0307,-189.21,-5.09,9,0.0,trailing_stop
2020-12-21,2021-01-06,CBA.AX,68.16,68.16,3758.0,55.1283,-0.0,-0.0,9,0.29,trailing_stop
2020-10-13,2021-01-22,SOYB,15.94,19.48,4154.0,260.6757,925.1,22.27,69,10.7,trailing_stop
2020-10-23,2021-01-22,CORN,13.8,15.82,4091.0,296.3397,597.45,14.61,61,9.45,trailing_stop
2021-01-06,2021-01-25,LSEG.L,9005.41,9005.4,3720.0,0.4131,-0.0,-0.0,13,0.73,trailing_stop
2020-12-28,2021-02-03,WEAT,30.03,30.16,3720.0,123.8747,15.55,0.42,25,2.04,trailing_stop
2021-01-22,2021-02-04,NFLX,58.27,55.3,3872.0,66.4549,-197.29,-5.1,9,0.0,trailing_stop
2021-02-03,2021-02-17,SLV,25.02,25.02,4015.0,160.4199,-0.0,-0.0,9,0.19,trailing_stop
2021-02-04,2021-02-18,NOW,116.09,116.09,3995.0,34.4099,-0.0,-0.0,9,0.34,trailing_stop
2020-11-09,2021-02-23,EMB,88.46,86.58,3850.0,43.5208,-81.72,-2.12,71,1.62,trailing_stop
2021-01-27,2021-02-26,PHIA.AS,39.88,37.85,3872.0,97.0922,-197.29,-5.1,22,0.36,trailing_stop
2020-12-21,2021-03-04,CPER,22.44,24.47,3758.0,167.4418,339.71,9.04,49,6.88,trailing_stop
2021-02-17,2021-03-04,DBB,15.52,15.81,3995.0,257.3178,74.1,1.85,11,3.01,trailing_stop
2021-02-18,2021-03-04,PICK,33.42,33.42,3995.0,119.5305,-0.0,-0.0,10,1.37,trailing_stop
2021-02-25,2021-03-16,BP,20.2,20.2,3987.0,197.314,-0.0,-0.0,13,0.62,trailing_stop
2020-12-28,2021-03-18,DBA,13.96,14.97,3720.0,266.5402,268.83,7.23,55,6.86,trailing_stop
2021-02-26,2021-03-22,AIR.PA,90.48,90.48,3967.0,43.8411,-0.0,-0.0,16,0.77,trailing_stop
2021-03-05,2021-03-24,UCG.MI,6.89,6.89,4008.0,582.098,-0.0,-0.0,13,1.27,trailing_stop
2021-03-16,2021-03-29,DIA,302.46,302.46,4008.0,13.252,-0.0,-0.0,9,0.2,trailing_stop
2021-04-06,2021-04-19,ASML,605.28,605.28,3756.0,6.2047,-0.0,-0.0,9,0.26,trailing_stop
2021-03-05,2021-04-21,ISP.MI,1.45,1.46,4008.0,2758.9229,27.04,0.67,31,2.12,trailing_stop
2021-03-18,2021-04-29,MRK,63.52,60.95,4035.0,63.529,-163.35,-4.05,29,0.67,trailing_stop
2021-04-19,2021-04-30,ED,65.87,64.23,3756.0,57.0149,-93.67,-2.49,9,0.36,trailing_stop
2020-11-09,2021-05-04,AMAT,69.88,124.85,3850.0,55.0936,3028.74,78.68,120,16.91,trailing_stop
2021-03-22,2021-05-04,SIE.DE,119.91,119.91,4035.0,33.6519,-0.0,-0.0,29,1.6,trailing_stop
2021-02-05,2021-05-05,MBG.DE,39.34,43.69,3995.0,101.539,441.0,11.04,61,2.9,trailing_stop
2021-01-22,2021-05-11,GOOGL,93.96,111.73,3872.0,41.2123,732.39,18.91,75,5.03,trailing_stop
2021-04-30,2021-05-19,CPER,27.75,28.03,3733.0,134.5184,37.56,1.01,13,1.95,trailing_stop
2021-05-19,2021-06-02,GDX,36.7,36.7,4157.0,113.2711,-0.0,-0.0,9,0.1,trailing_stop
2021-05-06,2021-06-18,ITX.MC,26.15,26.2,4080.0,156.0254,8.58,0.21,31,1.6,trailing_stop
2021-05-11,2021-06-21,UCG.MI,7.71,7.83,4153.0,538.7792,64.61,1.56,29,2.07,trailing_stop
2021-06-01,2021-06-21,7203.T,1610.39,1694.53,4022.0,2.4975,210.15,5.23,14,3.26,trailing_stop
2021-05-04,2021-06-23,DLR,128.78,130.63,4035.0,31.335,57.76,1.43,35,2.1,trailing_stop
2021-05-06,2021-06-29,DG.PA,80.57,76.66,4080.0,50.6363,-197.72,-4.85,38,0.5,trailing_stop
2021-04-21,2021-07-06,EWZ,23.49,26.37,3758.0,160.0064,460.84,12.26,52,4.63,trailing_stop
2021-06-02,2021-07-15,NVDA,16.23,18.95,4022.0,247.8365,674.15,16.76,30,4.25,trailing_stop
2021-06-29,2021-07-16,NFLX,53.41,53.41,4036.0,75.5752,-0.0,-0.0,12,0.64,trailing_stop
2021-07-06,2021-07-19,BNO,19.61,18.61,4116.0,209.9092,-209.72,-5.1,9,0.16,trailing_stop
2021-07-16,2021-08-04,KO,49.4,49.4,4184.0,84.6927,-0.0,-0.0,13,0.62,trailing_stop
2021-06-21,2021-09-07,TLT,123.53,125.98,4050.0,32.7883,80.29,1.98,54,2.41,trailing_stop
2021-07-19,2021-09-07,HON,192.98,192.98,4163.0,21.5707,-0.0,-0.0,35,1.15,trailing_stop
2021-08-04,2021-09-08,CS.PA,18.3,18.39,4163.0,227.4153,19.6,0.47,25,1.33,trailing_stop
2021-06-28,2021-09-17,AI.PA,115.46,110.57,4056.0,35.1303,-171.76,-4.23,59,0.61,trailing_stop
2021-07-20,2021-09-17,NEE,68.1,72.88,4163.0,61.1298,292.22,7.02,42,3.58,trailing_stop
2021-03-29,2021-09-20,COST,333.52,426.67,4035.0,12.0985,1126.93,27.93,121,7.82,trailing_stop
2021-09-07,2021-09-20,EWJ,64.33,64.33,3963.0,61.6031,-0.0,-0.0,9,1.33,trailing_stop
2021-08-31,2021-09-21,UNG,59.74,66.9,3955.0,66.2067,473.98,11.98,14,4.27,trailing_stop
2021-03-24,2021-09-28,PEP,120.22,133.24,4035.0,33.5658,437.32,10.84,130,4.23,trailing_stop
2021-09-07,2021-09-29,8035.T,15080.1,15463.15,3963.0,0.2628,100.67,2.54,14,2.84,trailing_stop
2021-09-17,2021-09-30,BMW.DE,63.47,63.47,3977.0,62.6671,-0.0,-0.0,9,0.49,trailing_stop
2021-06-21,2021-10-01,TMO,478.92,552.73,4050.0,8.4572,624.22,15.41,72,6.12,trailing_stop
2021-09-08,2021-10-05,6501.T,1209.33,1171.55,3965.0,3.2788,-123.86,-3.12,17,1.52,trailing_stop
2021-09-27,2021-10-13,AXP,168.35,159.77,4137.0,24.5757,-210.8,-5.1,12,0.0,trailing_stop
2021-09-29,2021-10-28,SHEL,37.55,39.72,4191.0,111.6228,242.2,5.78,21,2.46,trailing_stop
2021-10-18,2021-11-01,O,53.8,54.9,4101.0,76.2304,84.05,2.05,10,1.98,trailing_stop
2021-11-01,2021-11-12,MRK,77.2,73.32,4134.0,53.5494,-207.84,-5.03,9,0.72,trailing_stop
2021-10-19,2021-11-17,GS,371.6,352.94,4101.0,11.037,-206.0,-5.02,21,0.39,trailing_stop
2021-09-27,2021-11-19,COP,56.71,60.69,4137.0,72.9571,290.19,7.01,39,2.65,trailing_stop
2021-10-19,2021-11-19,ISP.MI,1.75,1.67,4101.0,2342.2323,-184.09,-4.49,23,0.23,trailing_stop
2021-10-28,2021-11-22,TIP,110.59,110.59,4126.0,37.3041,-0.0,-0.0,17,1.57,trailing_stop
2021-09-27,2021-11-23,CRM,279.33,288.18,4137.0,14.8116,131.14,3.17,41,2.39,trailing_stop
2021-09-29,2021-11-26,XOP,87.16,87.16,4191.0,48.083,-0.0,-0.0,41,1.91,trailing_stop
2021-10-18,2021-11-26,MC.PA,608.5,635.14,4101.0,6.7401,179.56,4.38,29,2.29,trailing_stop
2021-11-12,2021-11-26,GLD,173.68,169.16,4113.0,23.6822,-107.16,-2.61,9,0.23,trailing_stop
2021-11-17,2021-11-30,9984.T,1750.03,1486.04,4093.0,2.3386,-617.37,-15.08,8,0.0,emergency_stop
2021-11-19,2021-12-03,HD,367.28,367.28,4103.0,11.172,-0.0,-0.0,9,0.27,trailing_stop
2021-11-23,2021-12-03,JD,81.94,69.58,4116.0,50.2365,-620.95,-15.09,7,0.0,emergency_stop
2021-11-22,2021-12-06,AMZN,184.0,174.63,4103.0,22.2997,-209.06,-5.1,9,0.0,trailing_stop
2021-12-07,2022-01-03,TLT,130.78,125.15,4665.0,35.6686,-200.81,-4.3,18,0.0,trailing_stop
2021-12-10,2022-01-11,IBM,105.65,112.32,4665.0,44.1551,294.49,6.31,21,3.08,trailing_stop
2021-11-22,2022-01-19,AAPL,158.37,165.44,4103.0,25.9093,183.35,4.47,39,3.7,trailing_stop
2021-11-30,2022-01-21,PFE,41.93,42.17,4062.0,96.8667,22.66,0.56,36,2.7,trailing_stop
2022-01-05,2022-01-21,BAS.DE,50.62,50.62,4668.0,92.2078,-0.0,-0.0,12,0.99,trailing_stop
2021-11-26,2022-01-24,ABBV,100.71,111.92,4124.0,40.9441,458.84,11.13,39,6.11,trailing_stop
2021-12-13,2022-01-24,UCG.MI,10.22,10.22,4665.0,456.415,-0.0,-0.0,28,1.59,trailing_stop
2022-01-11,2022-01-25,BMY,54.84,52.05,4697.0,85.6475,-239.31,-5.09,9,0.07,trailing_stop
2021-12-14,2022-03-03,BATS.L,2741.77,3195.57,4665.0,1.7014,772.12,16.55,54,7.61,trailing_stop
2021-12-02,2022-03-15,BHP.AX,26.78,33.0,4062.0,151.6552,942.83,23.21,69,8.45,trailing_stop
2022-03-22,2022-04-04,ZURN.SW,364.05,364.05,4791.0,13.1603,-0.0,-0.0,9,0.48,trailing_stop
2022-03-22,2022-04-04,SCHW,85.43,81.08,4791.0,56.083,-244.1,-5.1,9,0.23,trailing_stop
2022-03-23,2022-04-05,NVDA,26.11,26.11,4791.0,183.5235,-0.0,-0.0,9,0.92,trailing_stop
2022-03-24,2022-04-06,DE,408.13,387.34,4791.0,11.7389,-244.1,-5.1,9,0.16,trailing_stop
2022-03-24,2022-04-07,8306.T,688.94,653.84,4791.0,6.9543,-244.1,-5.09,10,0.08,trailing_stop
2022-03-24,2022-04-11,TSLA,336.91,336.91,4791.0,14.2205,-0.0,-0.0,12,1.35,trailing_stop
2022-04-05,2022-04-20,ERIC-B.ST,77.71,74.19,5474.0,70.439,-247.91,-4.53,9,0.55,trailing_stop
2022-03-22,2022-04-21,ROG.SW,328.1,328.1,4791.0,14.6027,-0.0,-0.0,20,1.95,trailing_stop
2022-04-04,2022-04-22,AEP,87.15,87.15,4767.0,54.695,-0.0,-0.0,13,1.1,trailing_stop
2022-04-04,2022-04-25,NESTE.HE,37.41,37.41,4767.0,127.4038,-0.0,-0.0,13,0.53,trailing_stop
2022-03-23,2022-04-29,BMY,60.16,62.64,4791.0,79.6337,196.99,4.11,26,3.03,trailing_stop
2022-04-21,2022-05-04,TGT,220.27,209.05,5400.0,24.5148,-275.13,-5.1,9,0.0,trailing_stop
2022-04-22,2022-05-06,SOYB,29.07,27.78,5400.0,185.7643,-240.02,-4.44,10,0.0,trailing_stop
2022-03-22,2022-05-09,NOVN.SW,68.0,70.33,4791.0,70.4619,164.5,3.43,32,2.16,trailing_stop
2022-04-22,2022-05-10,IBM,120.17,114.05,5400.0,44.9371,-275.13,-5.09,12,0.0,trailing_stop
2022-04-07,2022-06-13,IBE.MC,9.02,8.56,5425.0,601.654,-276.39,-5.1,45,1.42,trailing_stop
2022-04-11,2022-06-14,SAN.PA,88.48,83.97,5425.0,61.3107,-276.39,-5.1,44,1.0,trailing_stop
2022-07-21,2022-08-03,INTC,38.2,36.25,5786.0,151.4903,-294.81,-5.1,9,0.0,trailing_stop
2022-07-22,2022-08-05,7267.T,1011.07,962.34,5786.0,5.7229,-278.89,-4.82,10,0.0,trailing_stop
2022-07-25,2022-08-05,CHTR,490.26,465.28,5786.0,11.8023,-294.81,-5.1,9,0.0,trailing_stop
2022-07-22,2022-08-08,NVDA,17.88,17.88,5786.0,323.5579,-0.01,-0.0,11,0.83,trailing_stop
2022-07-25,2022-08-09,ASML,517.99,517.99,5786.0,11.1706,-0.01,-0.0,11,1.27,trailing_stop
2022-07-22,2022-08-19,HYG,62.3,62.3,5786.0,92.8837,-0.01,-0.0,20,1.17,trailing_stop
2022-07-21,2022-08-22,VOLV-B.ST,144.89,144.89,5786.0,39.9356,-0.01,-0.0,22,0.81,trailing_stop
2022-08-09,2022-08-22,XBI,91.65,86.98,5699.0,62.186,-290.38,-5.09,9,0.4,trailing_stop
2022-08-04,2022-08-23,LMT,390.22,390.22,5757.0,14.7526,-0.01,-0.0,13,0.5,trailing_stop
2022-07-21,2022-08-24,CRH,33.22,34.73,5786.0,174.1748,263.27,4.55,24,2.3,trailing_stop
2022-08-12,2022-08-25,AD.AS,24.91,24.91,5699.0,228.763,-0.01,-0.0,9,0.46,trailing_stop
2022-08-12,2022-08-26,DIS,116.38,112.34,5699.0,48.9727,-197.73,-3.47,10,0.82,trailing_stop
2022-07-22,2022-09-01,GS,297.87,297.87,5786.0,19.4255,-0.01,-0.0,29,1.48,trailing_stop
2022-08-23,2022-09-06,OXY,67.13,63.71,5670.0,84.4631,-288.9,-5.1,9,0.67,trailing_stop
2022-08-26,2022-09-08,WDS.AX,26.86,25.49,5677.0,211.3892,-289.24,-5.1,9,0.29,trailing_stop
2022-08-29,2022-09-16,PDD,65.11,65.1,5677.0,87.1957,-0.01,-0.0,13,0.92,trailing_stop
2022-08-31,2022-09-16,CORN,26.71,26.71,5677.0,212.5639,-0.01,-0.0,11,0.73,trailing_stop
2022-09-14,2022-09-27,KBC.BR,42.54,41.42,5619.0,132.085,-147.97,-2.63,9,0.98,trailing_stop
2022-09-14,2022-09-27,ISP.MI,1.41,1.34,5619.0,3979.3452,-286.29,-5.1,9,0.45,trailing_stop
2022-11-01,2022-11-03,TNA,38.13,32.38,6035.0,158.2598,-910.36,-15.08,2,0.0,emergency_stop
2022-11-01,2022-11-03,SPXL,65.94,55.99,6035.0,91.5211,-910.36,-15.09,2,0.0,emergency_stop
2022-11-01,2022-11-14,TMUS,147.24,139.74,6035.0,40.9855,-307.48,-5.1,9,0.0,trailing_stop
2022-11-01,2022-11-14,SCHW,76.27,72.38,6035.0,79.1289,-307.48,-5.1,9,0.0,trailing_stop
2022-11-03,2022-11-16,SOYB,27.28,27.28,5853.0,214.5676,-0.01,-0.0,9,0.54,trailing_stop
2022-11-01,2022-11-17,AAPL,152.53,144.76,6035.0,39.5647,-307.48,-5.09,12,0.0,trailing_stop
2022-11-02,2022-11-28,O,51.8,51.8,6035.0,116.5065,-0.01,-0.0,17,1.23,trailing_stop
2022-11-10,2022-11-28,WELL,62.76,62.76,5853.0,93.2565,-0.01,-0.0,11,0.74,trailing_stop
2022-11-02,2022-11-29,6861.T,57394.05,57393.99,6035.0,0.1051,-0.01,-0.0,17,0.71,trailing_stop
2022-11-01,2022-11-30,INTC,27.43,27.43,6035.0,220.0223,-0.01,-0.0,20,0.95,trailing_stop
2022-11-14,2022-12-15,EWG,23.12,23.12,5791.0,250.5172,-0.01,-0.0,22,0.85,trailing_stop
2022-11-14,2022-12-16,ASML,559.08,559.08,5791.0,10.3587,-0.01,-0.0,23,1.13,trailing_stop
2022-12-01,2022-12-28,PDD,79.32,79.32,5761.0,72.6251,-0.01,-0.0,18,1.16,trailing_stop
2022-12-23,2023-01-09,DBA,17.88,17.56,5761.0,322.2349,-103.22,-1.79,9,0.28,trailing_stop
2022-12-01,2023-01-10,NOVO-B.CO,420.7,438.96,5761.0,13.6929,250.1,4.34,27,2.31,trailing_stop
2022-11-01,2023-01-20,ETN,145.35,145.35,6035.0,41.5188,-0.01,-0.0,54,1.82,trailing_stop
2023-01-17,2023-01-30,ASML,633.31,633.31,5775.0,9.1191,-0.01,-0.0,9,0.86,trailing_stop
2022-11-17,2023-02-03,BABA,72.25,101.1,5761.0,79.7322,2300.41,39.93,52,5.41,trailing_stop
2023-01-13,2023-02-03,DBB,18.49,18.49,5775.0,312.318,-0.01,-0.0,14,1.18,trailing_stop
2023-01-13,2023-02-03,AI.PA,123.84,123.84,5775.0,46.6329,-0.01,-0.0,15,1.0,trailing_stop
2023-01-20,2023-02-06,EMB,75.08,75.08,5775.0,76.9222,-0.01,-0.0,11,0.72,trailing_stop
2022-11-16,2023-02-08,JD,49.75,51.79,5791.0,116.4171,238.44,4.12,56,2.02,trailing_stop
2023-02-02,2023-02-15,ISP.MI,1.93,1.93,4901.0,2538.6002,-0.0,-0.0,9,0.3,trailing_stop
2023-02-03,2023-02-16,AMD,86.75,82.33,5132.0,59.1554,-261.45,-5.09,9,0.0,trailing_stop
2023-02-06,2023-02-21,SAN.MC,3.08,3.08,5132.0,1664.235,-0.01,-0.0,11,0.59,trailing_stop
2023-01-30,2023-02-22,IFX.DE,32.89,32.89,5775.0,175.5757,-0.01,-0.0,17,1.58,trailing_stop
2023-02-03,2023-02-24,BMW.DE,80.03,80.03,5132.0,64.124,-0.01,-0.0,15,0.85,trailing_stop
2023-02-15,2023-03-02,ETN,165.79,165.79,5155.0,31.0956,-0.01,-0.0,10,0.35,trailing_stop
2022-12-15,2023-03-10,KBC.BR,47.42,55.86,5761.0,121.4919,1025.98,17.81,60,5.56,trailing_stop
2023-02-21,2023-03-10,AIR.PA,116.31,116.31,5129.0,44.0979,-0.01,-0.0,13,0.33,trailing_stop
2023-02-22,2023-03-10,8306.T,897.46,851.74,5129.0,5.7153,-261.33,-5.09,11,0.09,trailing_stop
2023-02-27,2023-03-10,BATS.L,3214.4,3089.96,5129.0,1.5957,-198.58,-3.87,9,0.0,trailing_stop
2023-02-08,2023-03-14,7267.T,959.72,1015.16,5155.0,5.3717,297.78,5.78,23,4.46,trailing_stop
2023-02-20,2023-03-14,TEF.MC,3.02,3.02,5129.0,1699.5697,-0.01,-0.0,16,1.34,trailing_stop
2023-03-06,2023-03-17,CRM,183.03,183.03,5129.0,28.0238,-0.01,-0.0,9,0.18,trailing_stop
2023-03-31,2023-04-13,6861.T,63356.7,60128.68,5216.0,0.0823,-265.74,-5.1,9,0.0,trailing_stop
2023-03-31,2023-04-17,LSEG.L,7840.73,7840.72,5216.0,0.6652,-0.01,-0.0,9,0.56,trailing_stop
2023-04-03,2023-04-18,ERIC-B.ST,54.8,54.8,5216.0,95.175,-0.01,-0.0,9,0.6,trailing_stop
2023-04-03,2023-04-20,IFX.DE,36.43,34.57,5216.0,143.1841,-265.74,-5.1,11,0.0,trailing_stop
2023-04-13,2023-04-26,EWZ,24.27,23.03,5189.0,213.8389,-264.38,-5.1,9,0.01,trailing_stop
2023-04-19,2023-05-02,BAC,28.06,26.63,5189.0,184.9351,-264.38,-5.1,9,0.0,trailing_stop
2023-04-04,2023-05-04,ADS.DE,160.9,152.7,5216.0,32.4152,-265.74,-5.1,19,0.22,trailing_stop
2023-03-31,2023-05-10,ABI.BR,57.6,54.85,5216.0,90.5466,-249.11,-4.78,25,0.31,trailing_stop
2023-05-02,2023-05-17,ULVR.L,4748.06,4596.3,4531.0,0.9543,-144.82,-3.2,10,0.0,trailing_stop
2023-04-25,2023-05-22,NESN.SW,108.84,105.23,5162.0,47.4314,-171.34,-3.32,17,0.02,trailing_stop
2023-04-17,2023-05-23,MC.PA,843.85,800.86,5189.0,6.1492,-264.38,-5.1,25,0.23,trailing_stop
2023-05-10,2023-05-23,ITX.MC,28.94,28.94,4479.0,154.7904,-0.0,-0.0,9,0.15,trailing_stop
2023-04-26,2023-05-30,RI.PA,192.28,182.48,5136.0,26.7111,-261.68,-5.1,23,0.0,trailing_stop
2023-05-18,2023-06-08,8035.T,17629.56,17670.13,4465.0,0.2533,10.27,0.23,15,1.55,trailing_stop
2023-05-30,2023-06-21,ASML,726.52,689.5,4395.0,6.0496,-223.93,-5.1,15,0.0,trailing_stop
2023-05-23,2023-06-22,ABBN.SW,32.1,32.7,4421.0,137.7474,83.54,1.89,21,2.35,trailing_stop
2023-06-09,2023-06-23,CAT,225.93,225.93,4396.0,19.4581,-0.0,-0.0,9,0.94,trailing_stop
2023-04-04,2023-07-06,EWJ,53.89,56.44,5216.0,96.7748,246.77,4.73,63,4.3,trailing_stop
2023-06-21,2023-07-06,CRH,50.76,50.76,4374.0,86.1629,-0.0,-0.0,10,1.21,trailing_stop
2023-05-10,2023-07-10,BMW.DE,90.11,95.42,4479.0,49.7126,264.04,5.89,43,2.71,trailing_stop
2023-05-23,2023-07-12,4063.T,4112.26,4283.46,4421.0,1.0752,184.07,4.16,36,3.66,trailing_stop
2023-06-22,2023-07-24,BITO,5.07,4.81,4382.0,864.3592,-223.27,-5.1,21,0.55,trailing_stop
2022-11-01,2023-07-25,RTX,88.37,83.87,6035.0,68.2874,-307.48,-5.09,181,1.88,trailing_stop
2023-05-22,2023-07-27,NOW,101.42,111.87,4448.0,43.8543,458.03,10.3,45,3.59,trailing_stop
2023-07-10,2023-08-03,SPG,104.26,104.26,4433.0,42.521,-0.0,-0.0,18,1.25,trailing_stop
2023-07-24,2023-08-11,GS,330.67,315.99,4429.0,13.395,-196.57,-4.44,14,0.29,trailing_stop
2023-07-27,2023-08-11,PDD,85.27,80.92,4444.0,52.124,-226.44,-5.1,11,0.63,trailing_stop
2023-08-01,2023-08-14,FXI,27.94,26.51,4742.0,169.7426,-241.61,-5.1,9,0.0,trailing_stop
2023-07-12,2023-08-16,XLI,105.88,103.0,4452.0,42.0461,-120.71,-2.71,25,0.31,trailing_stop
2023-08-01,2023-08-16,INTC,35.14,33.35,4742.0,134.949,-241.61,-5.1,11,0.0,trailing_stop
2023-08-03,2023-08-17,6501.T,1792.65,1792.65,4742.0,2.6453,-0.0,-0.0,9,0.23,trailing_stop
2023-07-25,2023-09-08,DHR,217.18,217.18,4399.0,20.2535,-0.0,-0.0,32,1.61,trailing_stop
2023-08-31,2023-09-15,PDD,98.1,98.1,4639.0,47.2931,-0.0,-0.0,10,0.62,trailing_stop
2023-09-04,2023-09-18,AIR.PA,128.96,124.64,4639.0,35.9754,-155.26,-3.35,10,0.55,trailing_stop
2023-09-13,2023-09-27,ORCL,105.4,100.48,4639.0,44.0174,-216.49,-4.67,10,0.6,trailing_stop
2023-09-04,2023-09-28,6501.T,1936.08,1869.78,4639.0,2.3963,-158.89,-3.42,17,0.48,trailing_stop
2023-09-18,2023-09-29,DUK,86.66,82.24,4624.0,53.3572,-235.58,-5.1,9,0.0,trailing_stop
2023-07-11,2023-10-02,HAL,34.19,37.4,4433.0,129.6647,416.6,9.4,58,2.75,trailing_stop
2023-06-26,2023-10-04,8306.T,930.81,1134.87,4382.0,4.7079,960.69,21.92,69,7.23,trailing_stop
2023-07-11,2023-10-04,BNO,26.53,30.96,4433.0,167.1244,740.3,16.7,60,5.08,trailing_stop
2023-11-07,2023-11-20,SBUX,97.88,97.88,3895.0,39.7913,-0.0,-0.0,9,0.74,trailing_stop
2023-11-07,2023-11-28,6861.T,61087.12,61087.06,3895.0,0.0638,-0.0,-0.0,14,0.52,trailing_stop
2023-11-07,2023-12-04,SOYB,28.43,27.75,3895.0,137.0023,-93.42,-2.4,18,0.8,trailing_stop
2023-11-28,2023-12-11,BIDU,123.14,116.87,3895.0,31.6279,-198.44,-5.1,9,0.0,trailing_stop
2023-08-31,2023-12-12,T,12.95,14.58,4639.0,358.235,583.83,12.58,71,5.73,trailing_stop
2023-11-07,2024-01-10,4063.T,4606.41,5168.45,3895.0,0.8455,475.2,12.2,41,4.96,trailing_stop
2023-11-07,2024-01-17,AMT,174.02,191.2,3895.0,22.3805,384.44,9.87,47,2.87,trailing_stop
2023-12-11,2024-01-17,KBC.BR,50.63,50.69,3866.0,76.345,4.67,0.12,24,2.27,trailing_stop
2023-11-07,2024-01-18,D,40.41,40.41,3895.0,96.3914,-0.0,-0.0,48,1.84,trailing_stop
2023-11-20,2024-01-18,O,46.61,49.69,3895.0,83.5565,256.86,6.6,39,3.1,trailing_stop
2023-12-04,2024-01-22,DUK,84.69,87.33,3885.0,45.8791,121.3,3.12,32,2.5,trailing_stop
2024-01-17,2024-01-30,SHY,75.62,75.62,4010.0,53.032,-0.0,-0.0,9,0.16,trailing_stop
2024-01-19,2024-02-01,AMD,165.97,165.97,4036.0,24.3187,-0.0,-0.0,9,1.12,trailing_stop
2024-01-23,2024-02-05,AVGO,119.52,119.52,4048.0,33.8711,-0.0,-0.0,9,0.54,trailing_stop
2024-01-30,2024-03-22,MC.PA,746.48,791.32,5364.0,7.1856,322.17,6.01,38,2.29,trailing_stop
2024-01-10,2024-04-09,NVDA,53.64,84.57,3971.0,74.0398,2290.02,57.66,61,15.06,trailing_stop
2023-12-12,2024-04-10,CRH,62.9,80.9,3924.0,62.3861,1123.35,28.63,81,9.48,trailing_stop
2024-01-30,2024-04-10,AXP,196.41,213.38,5364.0,27.3099,463.43,8.64,49,3.46,trailing_stop
2024-02-05,2024-04-10,ETN,263.68,302.2,5364.0,20.3428,783.64,14.61,45,5.69,trailing_stop
2023-11-07,2024-04-11,ISP.MI,2.08,2.78,3895.0,1874.0828,1318.67,33.86,107,11.55,trailing_stop
2024-03-22,2024-04-11,MS,88.72,84.6,5396.0,60.8195,-250.87,-4.65,13,0.12,trailing_stop
2024-01-22,2024-04-15,SMH,187.58,217.15,4048.0,21.5811,638.22,15.77,58,5.38,trailing_stop
2024-02-01,2024-04-15,PSX,134.66,149.28,5364.0,39.8333,582.2,10.85,50,4.67,trailing_stop
2024-01-23,2024-04-18,8035.T,27651.85,35077.45,4048.0,0.1464,1087.1,26.85,59,6.76,trailing_stop
2024-01-30,2024-04-22,USO,72.07,78.07,5364.0,74.4246,446.11,8.32,57,2.99,trailing_stop
2024-04-09,2024-04-22,SLV,25.78,25.78,5625.0,218.2342,-0.01,-0.0,9,0.58,trailing_stop
2024-04-10,2024-04-23,PPLT,88.93,87.02,5862.0,65.92,-125.78,-2.15,9,0.39,trailing_stop
2024-04-11,2024-04-24,RIO.AX,117.64,117.64,5969.0,50.7413,-0.01,-0.0,9,1.28,trailing_stop
2024-04-15,2024-04-26,BP,35.33,35.33,6091.0,172.3803,-0.01,-0.0,9,0.04,trailing_stop
2024-04-10,2024-05-22,CPER,26.73,29.5,5862.0,219.3384,607.77,10.37,30,6.7,trailing_stop
2024-05-09,2024-05-22,IFX.DE,35.54,35.54,6232.0,175.3669,-0.01,-0.0,9,0.68,trailing_stop
2024-05-07,2024-05-30,CORN,20.79,20.09,6232.0,299.7365,-210.08,-3.37,16,0.2,trailing_stop
2024-05-08,2024-05-30,WBC.AX,25.36,24.1,6232.0,245.767,-308.64,-4.95,16,0.0,trailing_stop
2024-04-10,2024-05-31,DBB,17.88,19.41,5862.0,327.8774,501.41,8.55,36,5.27,trailing_stop
2024-04-12,2024-05-31,0700.HK,308.93,356.54,5969.0,19.3217,919.98,15.41,33,5.02,trailing_stop
2024-05-07,2024-06-03,SOYB,26.01,24.98,6232.0,239.6277,-244.76,-3.93,18,0.0,trailing_stop
2024-05-22,2024-06-04,SAND.ST,232.73,220.88,6293.0,27.0374,-320.6,-5.1,9,0.0,trailing_stop
2024-05-22,2024-06-04,RIO.AX,125.5,119.11,6293.0,50.1382,-320.6,-5.1,9,0.0,trailing_stop
2024-05-08,2024-06-13,PFE,24.33,24.33,6232.0,256.1714,-0.01,-0.0,25,1.83,trailing_stop
2024-06-04,2024-06-17,NKE,90.74,88.93,6294.0,69.3652,-125.78,-2.0,9,0.74,trailing_stop
2024-06-04,2024-06-17,RTX,104.09,100.9,6294.0,60.4712,-192.58,-3.06,9,0.36,trailing_stop
2024-06-05,2024-06-18,TEF.MC,3.86,3.66,6294.0,1632.6184,-320.69,-5.1,9,0.0,trailing_stop
2024-06-05,2024-06-19,ERIC-B.ST,62.38,59.53,6294.0,100.9063,-286.81,-4.56,9,0.16,trailing_stop
2024-06-07,2024-06-21,ASML,1025.79,1025.79,6294.0,6.136,-0.01,-0.0,9,0.43,trailing_stop
2024-06-14,2024-06-28,ORCL,136.97,136.97,6294.0,45.9542,-0.01,-0.0,9,0.69,trailing_stop
2024-06-20,2024-07-03,QCOM,217.25,206.18,6202.0,28.5466,-315.97,-5.1,9,0.0,trailing_stop
2024-06-20,2024-07-05,NAB.AX,34.17,32.94,6202.0,181.5107,-221.96,-3.58,11,0.28,trailing_stop
2024-07-01,2024-07-15,AMZN,193.68,193.68,6202.0,32.0193,-0.01,-0.0,9,0.73,trailing_stop
2024-06-21,2024-07-17,EWT,50.52,50.52,6202.0,122.7505,-0.01,-0.0,17,1.43,trailing_stop
2024-07-03,2024-07-18,6501.T,3641.1,3641.1,6170.0,1.6945,-0.01,-0.0,10,0.65,trailing_stop
2024-07-09,2024-07-22,META,531.67,504.58,6148.0,11.5633,-313.23,-5.1,9,0.02,trailing_stop
2024-06-04,2024-07-23,T,16.55,16.95,6294.0,380.2442,152.19,2.42,33,2.4,trailing_stop
2024-05-07,2024-07-24,AAPL,181.98,215.69,6232.0,34.2447,1154.58,18.53,53,6.3,trailing_stop
2024-07-15,2024-07-26,GLD,223.61,220.59,6148.0,27.4931,-83.18,-1.35,9,1.0,trailing_stop
2024-07-18,2024-07-31,HAL,34.96,33.18,6148.0,175.8703,-313.23,-5.09,9,0.0,trailing_stop
2024-07-17,2024-08-02,GS,485.56,460.82,6148.0,12.6614,-313.23,-5.1,12,0.27,trailing_stop
2024-07-22,2024-08-02,VOLV-B.ST,265.44,251.91,6116.0,23.0433,-311.64,-5.09,9,0.0,trailing_stop
2024-06-18,2024-08-05,ADBE,515.22,515.22,6230.0,12.0924,-0.01,-0.0,32,1.75,trailing_stop
2024-06-20,2024-08-06,CSL.AX,285.65,289.49,6202.0,21.7105,83.33,1.34,33,2.27,trailing_stop
2024-07-23,2024-08-19,BATS.L,2585.83,2627.23,6132.0,2.3713,98.16,1.6,19,2.51,trailing_stop
2024-08-20,2024-09-03,JD,27.86,26.44,8271.0,296.912,-421.42,-5.09,9,0.0,trailing_stop
2024-08-02,2024-09-04,AIR.PA,129.93,129.93,6145.0,47.2943,-0.01,-0.0,23,1.31,trailing_stop
2024-08-16,2024-09-05,LLY,919.38,919.38,8261.0,8.9858,-0.01,-0.0,13,0.39,trailing_stop
2024-08-02,2024-09-11,ENI.MI,12.92,12.26,6145.0,475.6197,-313.09,-5.1,27,0.84,trailing_stop
2024-09-13,2024-09-26,EXC,37.86,37.86,8198.0,216.5338,-0.01,-0.0,9,0.38,trailing_stop
2024-09-05,2024-10-07,DUK,111.75,107.74,8229.0,73.6401,-295.13,-3.59,22,0.0,trailing_stop
2024-09-26,2024-10-09,CSCO,51.05,51.05,8198.0,160.5706,-0.01,-0.0,9,0.55,trailing_stop
2024-10-07,2024-10-18,MPC,165.88,157.42,8168.0,49.2429,-416.17,-5.1,9,0.0,trailing_stop
2024-09-05,2024-10-22,LMT,552.89,563.28,8229.0,14.8837,154.71,1.88,33,2.93,trailing_stop
2024-07-26,2024-10-23,TMO,598.51,568.01,6239.0,10.424,-317.87,-5.1,62,0.8,trailing_stop
2024-07-31,2024-10-28,PHIA.AS,25.55,27.32,6208.0,242.9297,428.77,6.91,63,2.3,trailing_stop
2024-10-09,2024-10-28,BNO,29.94,28.64,8168.0,272.8206,-353.7,-4.33,13,0.74,trailing_stop
2024-10-18,2024-11-04,USB,47.54,45.12,8127.0,170.9338,-414.05,-5.1,11,0.0,trailing_stop
2024-07-25,2024-11-06,SAP,208.6,226.35,6247.0,29.9475,531.59,8.51,73,3.73,trailing_stop
2024-10-23,2024-11-06,SLV,31.13,29.54,8110.0,260.5205,-413.22,-5.1,10,0.16,trailing_stop
2024-10-22,2024-11-08,NOK,4.61,4.43,8142.0,1766.641,-316.82,-3.89,13,0.96,trailing_stop
2024-10-29,2024-11-11,EQIX,883.42,883.42,8118.0,9.1891,-0.01,-0.0,9,0.25,trailing_stop
2024-11-04,2024-11-11,ABBV,195.53,166.03,8076.0,41.3054,-1218.32,-15.08,5,0.0,emergency_stop
2024-08-05,2024-11-12,ED,97.1,92.15,6145.0,63.2867,-313.09,-5.1,70,1.3,trailing_stop
2024-11-08,2024-11-22,INTU,672.98,646.73,9020.0,13.4023,-351.88,-3.9,10,0.91,trailing_stop
2024-11-11,2024-11-22,AMZN,208.71,199.06,8898.0,42.6322,-411.18,-4.62,9,0.51,trailing_stop
2024-11-08,2024-11-26,8306.T,1728.18,1728.18,9020.0,5.2191,-0.01,-0.0,12,0.66,trailing_stop
2024-11-12,2024-12-02,SRE,88.83,88.83,8866.0,99.8145,-0.01,-0.0,13,0.55,trailing_stop
2024-11-05,2024-12-09,CHTR,377.82,377.82,9039.0,23.9252,-0.01,-0.0,23,1.12,trailing_stop
2024-11-25,2024-12-09,ZURN.SW,524.67,524.67,8790.0,16.7534,-0.01,-0.0,10,0.61,trailing_stop
2024-11-25,2024-12-09,UNG,14.99,14.23,8790.0,586.2013,-447.85,-5.1,9,0.06,trailing_stop
2024-11-26,2024-12-17,DE,449.21,427.11,8790.0,19.568,-432.48,-4.92,14,0.34,trailing_stop
2024-11-08,2024-12-18,CRH,99.37,95.15,9020.0,90.7663,-382.92,-4.25,27,0.78,trailing_stop
2024-12-11,2024-12-27,BAS.DE,42.52,41.31,8745.0,205.6772,-248.82,-2.85,9,0.19,trailing_stop
2024-10-29,2024-12-31,TSLA,264.77,409.79,8118.0,30.6593,4445.93,54.77,43,9.51,trailing_stop
2024-12-10,2025-01-03,MC.PA,627.59,595.62,8745.0,13.9347,-445.57,-5.1,15,0.11,trailing_stop
2024-09-05,2025-01-07,T,19.36,21.31,8229.0,424.9812,826.88,10.05,85,5.75,trailing_stop
2024-12-11,2025-01-08,FXI,30.27,28.72,8745.0,288.9391,-445.57,-5.1,18,0.07,trailing_stop
2024-12-17,2025-01-13,KBC.BR,69.27,69.27,8702.0,125.6237,-0.01,-0.0,16,1.31,trailing_stop
2024-12-19,2025-01-14,9984.T,2265.39,2265.38,8664.0,3.8244,-0.01,-0.0,13,0.56,trailing_stop
2025-01-08,2025-01-23,ASML,745.64,745.63,9077.0,12.1736,-0.01,-0.0,9,0.3,trailing_stop
2025-01-08,2025-01-27,BP,28.96,28.96,9077.0,313.3853,-0.01,-0.0,11,0.64,trailing_stop
2025-01-23,2025-01-27,ETN,363.84,308.95,9077.0,24.9481,-1369.27,-15.08,2,0.08,emergency_stop
2025-01-08,2025-01-29,DHR,237.36,237.36,9077.0,38.242,-0.01,-0.0,13,1.36,trailing_stop
2025-01-08,2025-02-03,TGT,131.92,125.2,9077.0,68.808,-462.47,-5.1,16,0.54,trailing_stop
2025-01-27,2025-02-07,OR.PA,350.7,336.56,8940.0,25.492,-360.55,-4.03,9,0.66,trailing_stop
2025-01-22,2025-02-10,MMM,144.64,144.64,9077.0,62.7578,-0.01,-0.0,13,1.02,trailing_stop
2025-01-27,2025-02-13,DE,474.0,449.85,8940.0,18.8612,-455.5,-5.1,13,0.0,trailing_stop
2024-12-03,2025-02-20,AIR.PA,147.55,160.25,8790.0,59.572,756.05,8.6,54,3.53,trailing_stop
2025-02-03,2025-02-24,BIDU,86.92,86.92,8894.0,102.326,-0.01,-0.0,14,1.69,trailing_stop
2025-01-22,2025-02-25,GS,618.14,590.22,9077.0,14.6845,-409.97,-4.52,23,1.23,trailing_stop
2025-02-20,2025-03-05,DE,501.78,476.22,7631.0,15.2069,-388.78,-5.1,9,0.0,trailing_stop
2025-02-07,2025-03-10,LLY,869.46,825.16,7601.0,8.7417,-387.25,-5.09,20,1.15,trailing_stop
2025-02-24,2025-03-10,FXI,34.96,34.96,7631.0,218.2805,-0.01,-0.0,10,0.67,trailing_stop
2025-02-25,2025-03-10,SRE,70.16,66.58,7590.0,108.1819,-386.69,-5.09,9,0.13,trailing_stop
2025-02-13,2025-03-14,KO,67.09,67.09,7555.0,112.6102,-0.01,-0.0,20,1.23,trailing_stop
2025-01-29,2025-03-31,BABA,97.84,126.4,8940.0,91.3786,2610.01,29.19,42,10.38,trailing_stop
2025-01-08,2025-04-03,INGA.AS,14.24,16.41,9077.0,637.5121,1385.11,15.26,61,7.77,trailing_stop
2025-02-07,2025-04-04,SAN.MC,5.44,5.71,7601.0,1397.9836,387.78,5.1,40,3.53,trailing_stop
2025-02-10,2025-04-07,ABI.BR,47.97,54.53,7601.0,158.4559,1039.62,13.68,40,5.78,trailing_stop
2025-05-07,2025-05-21,4063.T,4504.28,4504.28,10743.0,2.385,-0.01,-0.0,10,0.61,trailing_stop
2025-05-05,2025-05-23,AI.PA,182.01,182.01,8016.0,44.0394,-0.01,-0.0,14,0.54,trailing_stop
2025-05-08,2025-06-26,BATS.L,3331.77,3441.52,10743.0,3.2243,353.85,3.29,34,3.04,trailing_stop
2025-05-06,2025-07-18,META,591.78,691.52,10743.0,18.1532,1810.49,16.85,50,3.24,trailing_stop
2025-05-22,2025-07-30,PPLT,98.22,120.91,10743.0,109.3765,2482.31,23.11,46,9.9,trailing_stop
2025-05-06,2025-08-01,SPXL,129.56,175.55,10743.0,82.9165,3813.29,35.5,60,4.0,trailing_stop
2025-05-06,2025-08-01,TQQQ,27.91,41.56,10743.0,384.9167,5252.69,48.9,60,4.58,trailing_stop
2025-05-05,2025-08-05,ETN,295.61,364.76,8016.0,27.1158,1875.11,23.39,63,4.43,trailing_stop
2025-07-18,2025-08-06,AMD,159.75,162.94,10959.0,68.6023,219.05,2.0,13,1.76,trailing_stop
2025-05-05,2025-08-07,MSFT,430.01,517.01,8016.0,18.6404,1621.78,20.23,65,4.06,trailing_stop
2025-05-06,2025-08-07,CAT,319.03,407.99,10743.0,33.673,2995.66,27.89,64,6.38,trailing_stop
2025-05-05,2025-08-14,DE,476.22,486.55,8016.0,16.8318,173.86,2.17,70,2.0,trailing_stop
2025-08-01,2025-08-14,OR.PA,387.69,387.69,12114.0,31.2469,-0.01,-0.0,9,0.07,trailing_stop
2025-08-05,2025-08-18,LQD,106.97,106.97,12152.0,113.5999,-0.01,-0.0,9,0.52,trailing_stop
2025-08-13,2025-08-26,9432.T,161.43,155.94,12636.0,78.2734,-430.03,-3.4,9,0.25,trailing_stop
2025-08-14,2025-08-27,EWJ,75.96,75.96,12653.0,166.5821,-0.01,-0.0,9,0.8,trailing_stop
2025-08-11,2025-08-29,MUV2.DE,570.37,541.31,12636.0,22.1534,-643.79,-5.1,14,0.0,trailing_stop
2025-08-01,2025-09-03,AEP,111.77,107.19,12114.0,108.387,-496.11,-4.1,22,0.14,trailing_stop
2025-07-30,2025-09-09,NKE,76.46,72.56,11207.0,146.5857,-571.02,-5.09,28,0.36,trailing_stop
2025-08-26,2025-09-22,SOYB,22.36,21.73,12610.0,563.8954,-353.94,-2.81,18,0.06,trailing_stop
2025-09-02,2025-09-25,TIP,109.38,109.75,13507.0,123.4927,45.4,0.34,17,1.97,trailing_stop
2025-09-09,2025-09-25,AVGO,348.63,330.87,13401.0,38.4376,-682.76,-5.1,12,0.74,trailing_stop
2025-08-14,2025-10-07,EWZ,26.95,28.8,12653.0,469.4406,864.73,6.83,37,3.43,trailing_stop
2025-09-25,2025-10-08,HAL,24.02,24.02,13302.0,553.7352,-0.01,-0.0,9,0.59,trailing_stop
2025-09-03,2025-10-10,BABA,136.84,167.3,13458.0,98.3489,2995.75,22.26,27,5.76,trailing_stop
2025-10-08,2025-10-17,BITO,17.17,14.58,13388.0,779.5719,-2019.58,-15.08,7,0.0,emergency_stop
2025-08-11,2025-10-21,GDX,56.24,73.94,12636.0,224.681,3976.29,31.47,50,9.93,trailing_stop
2025-08-28,2025-10-21,LMT,445.29,477.57,12610.0,28.3188,914.22,7.25,37,4.69,trailing_stop
2025-10-07,2025-10-21,6501.T,4524.52,4524.52,13388.0,2.959,-0.01,-0.0,9,0.31,trailing_stop
2025-09-22,2025-10-23,IBM,263.92,268.97,13365.0,50.6416,255.74,1.91,23,2.52,trailing_stop
2025-10-10,2025-10-31,NOK,5.31,6.94,13688.0,2579.9783,4210.63,30.76,15,11.58,trailing_stop
2025-10-22,2025-11-04,TEF.MC,4.39,3.73,13975.0,3182.239,-2108.08,-15.08,9,0.0,emergency_stop
2025-10-22,2025-11-04,OR.PA,377.03,357.82,13975.0,37.0654,-712.01,-5.09,9,0.0,trailing_stop
2025-08-05,2025-11-05,IEF,93.67,95.04,12152.0,129.7322,177.49,1.46,65,3.14,trailing_stop
2025-10-17,2025-11-05,MC.PA,592.48,592.48,13486.0,22.7612,-0.01,-0.0,13,0.6,trailing_stop
2025-10-22,2025-11-05,9984.T,6027.27,6027.27,13975.0,2.3186,-0.01,-0.0,9,1.2,trailing_stop
2025-10-31,2025-11-13,NVDA,206.64,196.12,14421.0,69.7878,-734.76,-5.1,9,0.02,trailing_stop
2025-11-04,2025-11-17,AMZN,250.63,237.86,21517.0,85.8495,-1096.27,-5.1,9,0.0,trailing_stop
2025-11-04,2025-11-17,8035.T,35835.8,34009.97,21517.0,0.6004,-1096.27,-5.09,9,0.0,trailing_stop
2025-11-05,2025-11-18,6501.T,5126.12,4864.95,21534.0,4.2009,-1097.17,-5.09,9,0.61,trailing_stop
2025-11-05,2025-11-19,ERIC-B.ST,94.57,89.76,21534.0,227.6962,-1097.17,-5.09,10,0.0,trailing_stop
2025-11-07,2025-11-20,BMW.DE,84.38,84.38,21534.0,255.1926,-0.02,-0.0,9,1.21,trailing_stop
2025-09-25,2025-12-08,SRE,86.0,87.98,13302.0,154.661,306.14,2.3,51,2.3,trailing_stop
2025-11-05,2025-12-09,BATS.L,4060.48,4087.41,21534.0,5.3034,142.82,0.66,24,2.44,trailing_stop
2025-11-17,2025-12-09,UNG,14.51,14.51,21242.0,1463.469,-0.02,-0.0,15,1.77,trailing_stop
2025-11-28,2025-12-12,GOOGL,323.48,307.0,21022.0,64.9869,-1071.08,-5.1,10,0.0,trailing_stop
2025-12-08,2025-12-23,BMW.DE,96.04,92.15,21053.0,219.2169,-851.1,-4.04,11,0.33,trailing_stop
2025-11-18,2026-01-12,ALV.DE,357.86,379.51,21132.0,59.0509,1278.35,6.05,34,3.35,trailing_stop
2026-01-12,2026-01-28,ROG.SW,339.04,339.04,23857.0,70.3653,-0.02,-0.0,12,1.0,trailing_stop
2025-12-09,2026-01-30,DBB,21.57,24.05,21067.0,976.4622,2412.96,11.45,35,7.66,trailing_stop
2025-12-23,2026-01-30,SLV,63.74,85.69,20875.0,327.4797,7187.42,34.43,25,10.86,trailing_stop
2026-01-28,2026-02-02,UNG,14.47,12.29,23857.0,1648.1837,-3598.76,-15.08,3,1.31,emergency_stop
2025-12-09,2026-02-04,UBSG.SW,33.23,35.69,21067.0,633.9136,1558.3,7.4,35,3.75,trailing_stop
2025-11-27,2026-03-03,VOLV-B.ST,283.28,334.41,21022.0,74.2088,3793.93,18.05,62,6.03,trailing_stop
2025-11-27,2026-03-03,BNP.PA,72.54,88.32,21022.0,289.79,4573.46,21.76,65,6.82,trailing_stop
2026-01-06,2026-03-03,ASML,1222.43,1376.26,23729.0,19.4111,2985.99,12.58,38,4.86,trailing_stop
2025-10-23,2026-03-03,KO,70.39,79.34,14000.0,198.9052,1780.91,12.72,88,5.23,end_of_data
2025-12-12,2026-03-03,NESTE.HE,19.0,22.71,20960.0,1103.2104,4094.04,19.53,51,2.82,end_of_data
2026-01-30,2026-03-03,BHP.AX,51.89,57.7,24817.0,478.2372,2777.68,11.19,22,3.05,end_of_data
2026-01-30,2026-03-03,WDS.AX,25.28,30.48,24817.0,981.8541,5110.3,20.59,22,5.22,end_of_data
2026-02-02,2026-03-03,T,26.32,28.67,24457.0,929.3381,2187.39,8.94,20,2.23,end_of_data
