entry_date,exit_date,ticker,trade_type,entry_price,exit_price,strike,position_eur,units,pnl_eur,pnl_pct,bars_held,max_r_mult,exit_reason
2016-06-20,2016-07-01,AMD,stock,5.4,5.12,,1000.0,185.3434,-50.95,-5.1,9,0.11,trailing_stop
2016-06-20,2016-07-15,EQIX,stock,314.1,314.1,,1000.0,3.1837,-0.0,-0.0,18,0.87,trailing_stop
2016-06-22,2016-07-25,GE,stock,133.27,135.68,,1000.0,7.5034,18.06,1.81,22,2.47,trailing_stop
2016-06-27,2016-12-20,FMG.AX,stock,1.25,2.26,,1000.0,802.2418,811.61,81.16,126,11.6,trailing_stop
2016-06-29,2016-07-21,AEP,stock,48.91,48.91,,1000.0,20.4447,-0.0,-0.0,15,1.21,trailing_stop
2016-06-30,2016-07-13,BATS.L,stock,2464.67,2464.67,,1000.0,0.4057,-0.0,-0.0,9,1.32,trailing_stop
2016-06-30,2016-07-14,UNG,stock,136.94,129.96,,1000.0,7.3026,-50.95,-5.1,9,0.66,trailing_stop
2016-06-30,2016-08-04,ULVR.L,stock,2628.3,2628.29,,1000.0,0.3805,-0.0,-0.0,25,1.3,trailing_stop
2016-06-30,2016-09-09,EMB,stock,72.05,73.86,,1000.0,13.8786,25.09,2.51,49,3.4,trailing_stop
2016-06-30,2016-09-09,LQD,stock,87.28,87.59,,1000.0,11.4574,3.51,0.35,49,2.26,trailing_stop
2016-07-01,2016-07-15,DGE.L,stock,1623.78,1623.78,,995.0,0.6127,-0.0,-0.0,10,0.61,trailing_stop
2016-07-13,2016-09-13,PICK,stock,14.98,14.22,,995.0,66.3937,-50.69,-5.1,43,0.68,trailing_stop
2016-07-14,2016-10-19,INTC,stock,28.28,29.33,,990.0,34.9998,36.59,3.7,68,2.3,trailing_stop
2016-07-15,2016-08-02,GS,stock,133.27,127.09,,990.0,7.4273,-45.84,-4.63,12,0.04,trailing_stop
2016-07-15,2016-10-21,UNP,stock,76.63,72.72,,990.0,12.9169,-50.43,-5.1,69,0.97,trailing_stop
2016-07-21,2016-08-17,ASML,stock,96.43,96.43,,990.0,10.2643,-0.0,-0.0,19,1.17,trailing_stop
2016-07-25,2016-08-11,CBA.AX,stock,50.28,49.12,,992.0,19.7223,-22.91,-2.31,13,0.5,trailing_stop
2016-08-02,2016-08-15,PPLT,stock,113.22,107.64,,987.0,8.7176,-48.64,-4.93,9,0.02,trailing_stop
2016-08-05,2016-09-29,VLO,stock,36.26,36.26,,987.0,27.2217,-0.0,-0.0,38,1.5,trailing_stop
2016-08-11,2016-10-11,CHTR,stock,253.46,259.86,,985.0,3.8851,24.87,2.53,42,2.1,trailing_stop
2016-08-15,2016-11-01,DG.PA,option_eu,4.02,1.01,47.89,1372.0,3.42,-1027.83,-74.92,56,0.0,dte_exit
2016-08-17,2016-11-01,AVGO,option_us,1.12,0.65,12.77,1372.0,12.29,-574.22,-41.86,53,0.2,dte_exit
2016-09-09,2016-10-04,CCI,stock,64.64,61.35,,983.0,15.2033,-50.07,-5.1,17,0.0,trailing_stop
2016-09-12,2016-09-26,FXI,stock,29.72,29.72,,983.0,33.0701,-0.0,-0.0,10,1.4,trailing_stop
2016-09-26,2016-12-06,IFX.DE,option_eu,1.18,1.36,13.2,1369.0,11.58,211.2,15.43,50,0.69,dte_exit
2016-09-27,2016-10-10,XEL,stock,32.32,30.67,,978.0,30.2495,-49.81,-5.1,9,0.0,trailing_stop
2016-09-30,2016-10-25,CAT,stock,70.98,68.39,,978.0,13.7736,-35.71,-3.65,17,0.42,trailing_stop
2016-10-04,2016-10-12,ERIC-B.ST,stock,48.62,41.29,,973.0,20.0042,-146.73,-15.09,6,0.05,emergency_stop
2016-10-12,2016-10-25,LLY,stock,70.26,67.36,,955.0,13.5987,-39.47,-4.13,9,0.0,trailing_stop
2016-10-12,2016-10-26,USO,stock,91.77,88.22,,955.0,10.4116,-36.93,-3.87,10,0.29,trailing_stop
2016-11-11,2016-11-25,BLK,stock,294.18,294.18,,783.0,2.6606,-0.0,-0.0,9,0.16,trailing_stop
2016-11-11,2016-11-28,CRH,stock,27.76,26.34,,783.0,28.1994,-39.88,-5.09,10,0.0,trailing_stop
2016-11-11,2016-12-01,RTX,stock,50.85,50.85,,783.0,15.393,-0.0,-0.0,13,0.42,trailing_stop
2016-11-11,2016-12-02,CHTR,stock,269.34,269.34,,783.0,2.906,-0.0,-0.0,14,0.56,trailing_stop
2016-11-11,2016-12-15,CAT,stock,76.0,76.0,,783.0,10.2982,-0.0,-0.0,23,0.79,trailing_stop
2016-11-11,2017-03-02,EMR,stock,44.22,48.4,,783.0,17.6987,74.0,9.45,74,3.6,trailing_stop
2016-11-11,2017-03-21,XLI,stock,51.78,55.5,,783.0,15.1168,56.34,7.2,87,4.0,trailing_stop
2016-11-11,2017-03-21,DIA,stock,156.8,173.89,,783.0,4.9916,85.31,10.9,87,6.55,trailing_stop
2016-11-25,2016-12-14,PICK,stock,18.7,18.7,,783.0,41.8613,-0.0,-0.0,13,0.71,trailing_stop
2016-11-28,2017-01-24,VZ,stock,30.78,31.83,,779.0,25.2969,26.38,3.39,38,2.43,trailing_stop
2016-12-01,2016-12-14,ITX.MC,stock,24.2,24.2,,779.0,32.1727,-0.0,-0.0,9,0.8,trailing_stop
2016-12-02,2017-01-31,MC.PA,option_eu,11.67,21.65,137.97,1090.0,0.93,932.77,85.56,41,1.2,dte_exit
2016-12-07,2017-01-19,GS,stock,189.86,189.86,,800.0,4.2128,-0.0,-0.0,28,1.73,trailing_stop
2016-12-14,2017-01-09,COP,stock,39.39,37.38,,800.0,20.3059,-40.75,-5.09,16,0.0,trailing_stop
2016-12-14,2017-05-11,TEF.MC,stock,5.13,6.04,,800.0,155.7617,141.63,17.71,102,6.93,trailing_stop
2016-12-15,2017-02-06,EWG,stock,20.83,21.82,,800.0,38.3906,37.88,4.74,34,3.17,trailing_stop
2016-12-20,2017-01-04,NVDA,stock,2.58,2.57,,881.0,341.7395,-3.12,-0.35,9,1.68,trailing_stop
2017-01-05,2017-01-19,BP,stock,22.66,21.82,,881.0,38.8633,-32.81,-3.73,9,0.0,trailing_stop
2017-01-09,2017-01-26,GDXJ,stock,32.79,32.79,,877.0,26.7344,-0.0,-0.0,12,0.45,trailing_stop
2017-01-19,2017-02-01,ASML,stock,110.57,110.57,,873.0,7.8986,-0.0,-0.0,9,0.46,trailing_stop
2017-01-19,2017-03-10,CORN,stock,19.4,18.96,,873.0,45.0178,-19.97,-2.29,35,1.39,trailing_stop
2017-01-24,2017-02-24,AVGO,stock,15.18,15.98,,876.0,57.6873,45.89,5.24,22,3.08,trailing_stop
2017-01-26,2017-02-08,IBM,stock,115.03,115.03,,876.0,7.6148,-0.0,-0.0,9,0.04,trailing_stop
2017-02-01,2017-05-03,DIS,stock,103.68,104.17,,969.0,9.3481,4.54,0.47,63,2.09,trailing_stop
2017-02-01,2017-04-04,NEE,option_us,1.62,2.84,23.08,1357.0,8.39,1029.86,75.9,43,1.17,dte_exit
2017-02-06,2017-03-03,AMD,stock,12.47,12.99,,973.0,78.0135,40.03,4.11,18,2.27,trailing_stop
2017-02-08,2017-02-22,GDXJ,stock,38.45,36.49,,973.0,25.3056,-49.58,-5.09,9,0.0,trailing_stop
2017-02-22,2017-05-02,WMT,option_us,1.61,2.2,19.62,1355.0,8.42,494.67,36.5,48,0.36,dte_exit
2017-02-24,2017-05-02,ERIC-B.ST,option_eu,4.83,3.46,43.99,1362.0,2.82,-385.41,-28.3,44,0.0,dte_exit
2017-03-03,2017-03-21,CRM,stock,81.1,81.1,,984.0,12.1343,-0.0,-0.0,12,0.58,trailing_stop
2017-03-03,2017-06-12,SAP,stock,81.97,92.4,,984.0,12.0049,125.15,12.72,69,10.0,trailing_stop
2017-03-10,2017-03-23,QCOM,stock,45.77,44.32,,982.0,21.4554,-31.17,-3.17,9,0.07,trailing_stop
2017-03-21,2017-07-04,0700.HK,stock,218.37,257.92,,996.0,4.562,180.42,18.11,69,8.16,trailing_stop
2017-03-21,2017-06-06,DGE.L,option_eu,127.71,113.9,1772.29,1395.0,0.11,-150.74,-10.81,51,0.0,dte_exit
2017-03-22,2017-04-11,EWT,stock,20.56,20.16,,996.0,48.4635,-19.35,-1.94,14,0.42,trailing_stop
2017-03-23,2017-04-18,DG.PA,stock,53.98,53.98,,993.0,18.3988,-0.0,-0.0,16,1.27,trailing_stop
2017-04-04,2017-06-12,EQIX,stock,339.08,357.94,,1096.0,3.2325,60.95,5.56,47,3.17,trailing_stop
2017-04-11,2017-07-05,PLD,option_us,3.35,5.98,40.02,1532.0,4.58,1206.69,78.78,58,0.95,dte_exit
2017-04-19,2017-05-02,PPLT,stock,93.82,90.04,,1094.0,11.6618,-44.11,-4.03,9,0.0,trailing_stop
2017-05-02,2017-05-15,SAND.ST,stock,114.0,108.19,,1101.0,9.6548,-56.08,-5.1,9,0.0,trailing_stop
2017-05-02,2017-07-04,AIR.PA,option_eu,5.66,3.3,64.4,1541.0,2.72,-642.89,-41.72,45,0.07,dte_exit
2017-05-02,2017-07-05,AMZN,option_us,3.51,3.95,44.97,1541.0,4.39,191.6,12.43,44,0.69,dte_exit
2017-05-03,2017-05-16,UBSG.SW,stock,13.47,13.47,,1101.0,81.7657,-0.0,-0.0,9,0.76,trailing_stop
2017-05-12,2017-05-25,AD.AS,stock,14.79,14.79,,1115.0,75.4107,-0.0,-0.0,9,0.51,trailing_stop
2017-05-16,2017-05-18,EWZ,stock,24.69,20.97,,1110.0,44.9435,-167.4,-15.08,2,0.0,emergency_stop
2017-05-16,2017-06-09,EWU,stock,24.29,24.04,,1110.0,45.6857,-11.37,-1.02,17,0.67,trailing_stop
2017-05-18,2017-06-09,BIDU,stock,182.86,182.86,,1093.0,5.9768,-0.0,-0.0,15,1.12,trailing_stop
2017-05-26,2017-06-29,EXC,stock,18.97,18.97,,1093.0,57.616,-0.0,-0.0,23,1.14,trailing_stop
2017-06-06,2017-06-28,MSFT,stock,65.65,62.36,,1078.0,16.4176,-54.06,-5.02,16,0.01,trailing_stop
2017-06-09,2017-06-22,CORN,stock,19.45,18.6,,1077.0,55.3605,-47.26,-4.39,9,0.14,trailing_stop
2017-06-13,2017-06-26,MPC,stock,41.64,39.52,,1095.0,26.3057,-55.81,-5.1,9,0.0,trailing_stop
2017-06-13,2017-07-18,SAND.ST,stock,110.03,104.42,,1095.0,9.9551,-55.81,-5.09,24,0.18,trailing_stop
2017-06-13,2017-10-13,C,stock,48.98,54.51,,1095.0,22.3642,123.81,11.3,86,4.89,trailing_stop
2017-06-26,2017-07-07,NOVN.SW,stock,49.38,46.9,,1085.0,21.9751,-54.3,-5.0,9,0.0,trailing_stop
2017-06-26,2017-07-10,MRK,stock,48.23,46.34,,1085.0,22.4985,-42.47,-3.91,9,0.0,trailing_stop
2017-06-28,2017-08-10,EWT,stock,21.95,22.24,,1080.0,49.1896,14.55,1.35,30,2.05,trailing_stop
2017-06-30,2017-07-14,DBB,stock,13.53,13.53,,1080.0,79.7908,-0.0,-0.0,9,0.39,trailing_stop
2017-07-05,2017-08-18,NKE,stock,51.9,49.26,,1173.0,22.6037,-59.77,-5.09,32,0.65,trailing_stop
2017-07-07,2017-07-24,SOYB,stock,18.9,18.9,,1168.0,61.7909,-0.0,-0.0,11,1.31,trailing_stop
2017-07-11,2017-07-24,BHP.AX,stock,11.78,11.57,,1164.0,98.8075,-20.16,-1.73,9,0.46,trailing_stop
2017-07-12,2017-07-25,CORN,stock,19.84,18.83,,1164.0,58.6463,-59.28,-5.1,9,0.0,trailing_stop
2017-07-12,2017-10-03,DE,option_us,9.11,6.28,107.67,1629.0,1.79,-506.47,-31.09,58,0.16,dte_exit
2017-07-13,2017-10-03,TMO,option_us,12.24,19.14,167.52,1629.0,1.33,919.15,56.43,57,0.88,dte_exit
2017-07-18,2017-08-02,BABA,stock,146.79,146.79,,1158.0,7.8882,-0.0,-0.0,11,1.02,trailing_stop
2017-07-18,2017-11-29,ASML,stock,130.53,162.35,,1158.0,8.8711,282.27,24.38,94,9.11,trailing_stop
2017-07-24,2017-08-04,ABT,stock,43.75,42.25,,1156.0,26.42,-39.69,-3.43,9,0.0,trailing_stop
2017-07-24,2017-08-29,WBC.AX,stock,20.58,19.96,,1156.0,56.1581,-35.16,-3.04,26,0.53,trailing_stop
2017-07-27,2017-08-17,WMT,stock,22.84,22.84,,1150.0,50.3421,0.02,0.0,15,1.58,trailing_stop
2017-08-03,2017-08-16,BP,stock,22.29,21.74,,1150.0,51.5926,-28.63,-2.49,9,0.54,trailing_stop
2017-08-04,2017-10-31,ZURN.SW,option_eu,14.59,13.95,181.9,1604.0,1.1,-70.72,-4.41,62,0.0,dte_exit
2017-08-10,2017-08-23,SU.PA,stock,56.36,56.36,,1147.0,20.3587,-0.0,-0.0,9,0.12,trailing_stop
2017-08-18,2017-09-08,CPER,stock,18.89,19.48,,1139.0,60.2818,35.79,3.14,14,3.69,trailing_stop
2017-09-05,2017-09-18,TQQQ,stock,4.55,4.55,,1135.0,249.421,-0.0,-0.0,9,0.25,trailing_stop
2017-09-05,2017-09-29,MRK,stock,46.48,46.78,,1135.0,24.4235,7.33,0.65,18,2.23,trailing_stop
2017-09-05,2017-09-29,INTU,stock,133.21,133.21,,1135.0,8.5215,-0.0,-0.0,18,1.07,trailing_stop
2017-09-05,2017-12-05,IFX.DE,option_eu,1.61,3.69,17.13,1589.0,9.87,2047.91,128.86,63,2.62,dte_exit
2017-09-08,2018-01-30,HD,stock,129.6,160.29,,1139.0,8.7867,269.71,23.69,98,10.67,trailing_stop
2017-09-19,2017-12-04,SO,stock,35.4,36.02,,1139.0,32.166,19.77,1.74,53,2.36,trailing_stop
2017-10-03,2017-10-27,BIDU,stock,250.25,250.51,,1181.0,4.7182,1.23,0.1,18,2.21,trailing_stop
2017-10-03,2017-12-01,GOOGL,stock,48.03,50.78,,1181.0,24.5832,67.65,5.73,42,3.96,trailing_stop
2017-10-04,2017-11-24,MUV2.DE,stock,131.5,135.84,,1181.0,8.9789,38.98,3.3,36,3.43,trailing_stop
2017-10-04,2017-12-05,XBI,option_us,6.65,1.2,82.49,1653.0,2.49,-1353.4,-81.87,43,0.05,dte_exit
2017-10-16,2017-11-14,SOYB,stock,18.78,18.2,,1193.0,63.5345,-36.52,-3.06,20,0.0,trailing_stop
2017-10-27,2018-01-02,NKE,option_us,3.99,9.64,47.37,1671.0,4.19,2370.66,141.91,44,1.73,dte_exit
2017-10-31,2018-01-02,SU.PA,option_eu,4.15,0.78,59.07,1661.0,4.0,-1349.39,-81.26,42,0.0,dte_exit
2017-11-14,2017-11-28,NVDA,stock,5.27,5.27,,1182.0,224.4976,-0.0,-0.0,9,0.35,trailing_stop
2017-11-24,2017-12-14,IWM,stock,136.32,134.66,,1186.0,8.703,-14.41,-1.22,14,0.75,trailing_stop
2017-11-30,2018-02-02,XLI,stock,63.88,68.08,,1215.0,19.0139,79.9,6.58,43,6.68,trailing_stop
2017-11-30,2018-02-02,SPY,stock,231.83,245.25,,1215.0,5.2393,70.31,5.79,43,7.97,trailing_stop
2017-12-01,2018-01-25,UNP,stock,105.55,111.86,,1221.0,11.5719,73.09,5.98,36,3.92,trailing_stop
2017-12-04,2017-12-15,IBM,stock,104.66,102.26,,1223.0,11.6885,-28.16,-2.3,9,0.19,trailing_stop
2017-12-05,2018-01-29,CAT,stock,118.83,136.2,,1293.0,10.8792,188.93,14.61,36,6.46,trailing_stop
2017-12-05,2018-01-30,CVX,stock,84.6,89.53,,1293.0,15.2814,75.36,5.83,37,4.6,trailing_stop
2017-12-14,2017-12-28,TSLA,stock,22.76,21.6,,1291.0,56.747,-65.8,-5.1,9,0.12,trailing_stop
2017-12-18,2018-01-24,TXN,stock,81.13,88.65,,1289.0,15.882,119.37,9.26,24,4.85,trailing_stop
2017-12-28,2018-01-30,BHP.AX,stock,14.3,14.8,,1282.0,89.6455,44.63,3.48,21,3.42,trailing_stop
2018-01-03,2018-02-01,INDA,stock,32.86,33.27,,1384.0,42.1218,17.24,1.25,20,3.08,trailing_stop
2018-01-03,2018-02-05,BNO,stock,18.25,18.38,,1384.0,75.8489,9.64,0.7,22,2.05,trailing_stop
2018-01-24,2018-02-06,XBI,stock,95.12,90.27,,1396.0,14.6773,-71.13,-5.1,9,0.22,trailing_stop
2018-01-25,2018-02-07,UNG,stock,105.23,99.86,,1403.0,13.3367,-71.5,-5.1,9,0.26,trailing_stop
2018-01-29,2018-02-09,NOVN.SW,stock,51.63,49.0,,1422.0,27.5444,-72.46,-5.1,9,0.0,trailing_stop
2018-01-30,2018-02-09,BABA,stock,193.04,163.92,,1461.0,7.5693,-220.42,-15.08,8,0.54,emergency_stop
2018-01-30,2018-02-12,INTC,stock,41.58,39.46,,1461.0,35.1412,-74.45,-5.09,9,0.0,trailing_stop
2018-01-30,2018-02-12,NEE,stock,31.68,30.18,,1461.0,46.1274,-69.27,-4.74,9,0.57,trailing_stop
2018-02-01,2018-02-21,WEAT,stock,31.43,31.43,,1463.0,46.5439,-0.0,-0.0,13,0.82,trailing_stop
2018-02-02,2018-02-15,AMT,stock,119.38,113.3,,1478.0,12.3804,-75.3,-5.09,9,0.0,trailing_stop
2018-02-02,2018-03-02,LMT,stock,285.44,270.9,,1478.0,5.1777,-75.3,-5.1,19,0.46,trailing_stop
2018-02-05,2018-03-22,NOK,stock,4.62,4.62,,1479.0,319.8718,-0.0,-0.0,32,1.37,trailing_stop
2018-02-19,2018-03-02,FMG.AX,stock,2.19,2.08,,1413.0,644.1944,-72.02,-5.1,9,0.07,trailing_stop
2018-02-20,2018-03-05,RI.PA,stock,107.78,105.26,,1413.0,13.1142,-33.06,-2.34,9,0.43,trailing_stop
2018-02-20,2018-03-07,BMY,stock,51.27,48.66,,1413.0,27.5688,-72.02,-5.1,11,0.02,trailing_stop
2018-02-27,2018-03-13,AAPL,stock,42.12,42.12,,1413.0,33.5602,-0.0,-0.0,10,0.25,trailing_stop
2018-02-27,2018-03-14,NESTE.HE,stock,15.88,15.07,,1413.0,89.0129,-72.02,-5.1,11,0.0,trailing_stop
2018-02-27,2018-03-26,CSL.AX,stock,147.21,140.91,,1413.0,9.6016,-60.49,-4.28,19,0.39,trailing_stop
2018-02-28,2018-03-23,NFLX,stock,29.34,30.01,,1413.0,48.1767,32.31,2.29,17,1.82,trailing_stop
2018-02-28,2018-03-23,AMZN,stock,76.05,76.07,,1413.0,18.5857,0.27,0.02,17,0.9,trailing_stop
2018-03-12,2018-03-23,SCHW,stock,51.89,49.25,,1388.0,26.7514,-70.73,-5.1,9,0.0,trailing_stop
2018-03-13,2018-03-26,ABT,stock,55.55,52.79,,1388.0,24.9911,-68.91,-4.96,9,0.0,trailing_stop
2018-03-13,2018-03-26,PLD,stock,50.79,48.65,,1388.0,27.3311,-58.57,-4.22,9,0.16,trailing_stop
2018-03-13,2018-03-26,AMAT,stock,56.14,53.28,,1388.0,24.7286,-70.73,-5.1,9,0.0,trailing_stop
2018-03-14,2018-03-27,SMH,stock,52.19,49.53,,1381.0,26.46,-70.36,-5.1,9,0.0,trailing_stop
2018-03-16,2018-04-12,NEE,stock,32.5,32.5,,1381.0,42.4884,-0.0,-0.0,18,1.11,trailing_stop
2018-04-19,2018-05-02,NFLX,stock,33.32,31.62,,1344.0,40.3438,-68.49,-5.1,9,0.0,trailing_stop
2018-04-19,2018-05-02,MRK,stock,44.02,42.82,,1344.0,30.5412,-36.62,-2.72,9,0.46,trailing_stop
2018-04-19,2018-05-03,IBM,stock,101.11,95.96,,1344.0,13.2959,-68.49,-5.1,10,0.0,trailing_stop
2018-04-19,2018-05-17,PLD,stock,52.62,50.48,,1344.0,25.5459,-54.7,-4.07,20,0.33,trailing_stop
2018-04-19,2018-06-25,INTU,stock,171.96,193.02,,1344.0,7.8175,164.62,12.25,46,3.68,trailing_stop
2018-04-20,2018-05-03,SLV,stock,16.17,15.44,,1344.0,83.1557,-60.68,-4.51,9,0.0,trailing_stop
2018-04-20,2018-05-04,EOG,stock,85.62,85.62,,1344.0,15.7012,-0.0,-0.0,10,0.75,trailing_stop
2018-04-20,2018-05-30,ABBN.SW,stock,17.58,16.72,,1344.0,76.4476,-66.19,-4.92,25,0.8,trailing_stop
2018-04-20,2018-06-04,USO,stock,109.39,105.46,,1344.0,12.2892,-48.28,-3.59,30,1.69,trailing_stop
2018-04-20,2018-07-18,GDXJ,stock,30.34,28.79,,1344.0,44.3103,-68.49,-5.1,61,0.33,trailing_stop
2018-05-11,2018-05-24,CVX,stock,91.72,91.72,,1321.0,14.4018,-0.0,-0.0,9,0.21,trailing_stop
2018-05-11,2018-05-25,BNO,stock,21.51,21.51,,1321.0,61.4034,-0.0,-0.0,10,0.76,trailing_stop
2018-05-11,2018-05-25,XOP,stock,140.67,140.67,,1321.0,9.3899,-0.0,-0.0,10,1.25,trailing_stop
2018-05-11,2018-05-29,SIE.DE,stock,82.72,80.47,,1321.0,15.9688,-35.8,-2.71,11,0.39,trailing_stop
2018-05-11,2018-06-25,NOW,stock,35.88,34.05,,1321.0,36.814,-67.3,-5.09,30,0.61,trailing_stop
2018-05-18,2018-08-07,TGT,option_us,5.41,8.14,58.29,1842.0,3.4,927.78,50.38,55,0.5,dte_exit
2018-05-24,2018-06-19,BMW.DE,stock,57.62,54.88,,1315.0,22.8307,-62.48,-4.75,18,0.0,trailing_stop
2018-05-28,2018-08-29,ITX.MC,stock,22.22,21.08,,1315.0,59.2088,-67.02,-5.09,67,1.37,trailing_stop
2018-05-30,2018-06-15,WEAT,stock,34.38,32.63,,1305.0,37.9594,-66.5,-5.09,12,0.48,trailing_stop
2018-05-31,2018-09-18,TLT,stock,97.64,94.79,,1305.0,13.3679,-38.06,-2.92,76,0.76,trailing_stop
2018-05-31,2018-10-03,IEF,stock,85.44,84.16,,1305.0,15.2762,-19.59,-1.5,87,0.97,trailing_stop
2018-06-04,2018-08-07,ADBE,option_us,20.42,17.4,240.21,1821.0,0.89,-268.53,-14.75,45,0.25,dte_exit
2018-06-15,2018-09-05,DIS,stock,102.88,105.31,,1294.0,12.5754,30.6,2.37,56,2.56,trailing_stop
2018-06-19,2018-09-10,UNH,stock,222.61,230.22,,1287.0,5.7835,43.97,3.42,57,2.51,trailing_stop
2018-06-25,2018-07-06,WBC.AX,stock,20.08,20.08,,1297.0,64.6052,-0.0,-0.0,9,0.35,trailing_stop
2018-06-25,2018-07-11,CBA.AX,stock,53.46,53.46,,1297.0,24.2642,-0.0,-0.0,12,0.98,trailing_stop
2018-07-09,2018-12-06,SAN.PA,stock,55.3,57.14,,1297.0,23.4597,43.32,3.34,108,3.08,trailing_stop
2018-07-16,2018-07-27,NOW,stock,38.43,38.43,,1297.0,33.7549,-0.0,-0.0,9,0.02,trailing_stop
2018-07-18,2018-10-11,JPM,stock,89.8,90.71,,1290.0,14.3692,12.99,1.01,60,1.82,trailing_stop
2018-07-27,2018-08-13,HON,stock,122.65,116.81,,1290.0,10.5205,-61.45,-4.76,11,0.05,trailing_stop
2018-08-07,2018-08-21,AVB,stock,139.81,139.81,,1356.0,9.7012,-0.0,-0.0,10,0.39,trailing_stop
2018-08-08,2018-08-23,TMUS,stock,62.86,62.86,,1356.0,21.5773,-0.0,-0.0,11,0.39,trailing_stop
2018-08-20,2018-09-21,WEC,stock,53.88,52.0,,1350.0,25.0576,-47.18,-3.49,23,0.45,trailing_stop
2018-08-21,2018-09-04,PSA,stock,162.06,154.86,,1350.0,8.3311,-59.99,-4.44,9,0.0,trailing_stop
2018-08-29,2018-11-06,GS,option_us,15.48,7.24,193.55,1881.0,1.22,-1000.69,-53.2,48,0.0,dte_exit
2018-08-31,2018-11-06,AMZN,option_us,8.3,2.08,95.33,1881.0,2.27,-1410.32,-74.98,46,0.11,dte_exit
2018-09-04,2018-09-17,XBI,stock,99.37,94.32,,1337.0,13.4592,-68.02,-5.09,9,0.0,trailing_stop
2018-09-11,2018-10-10,AVGO,stock,19.36,19.36,,1345.0,69.455,-0.0,-0.0,21,1.22,trailing_stop
2018-09-14,2018-10-04,TMUS,stock,66.0,66.0,,1345.0,20.3759,-0.0,-0.0,14,0.88,trailing_stop
2018-09-17,2018-09-28,PDD,stock,26.01,26.01,,1338.0,51.4536,-0.0,-0.0,9,0.18,trailing_stop
2018-09-18,2018-10-08,RTX,stock,68.3,68.37,,1334.0,19.5364,1.41,0.11,14,1.1,trailing_stop
2018-09-21,2018-10-08,RIO.AX,stock,46.29,46.29,,1330.0,28.7217,-0.0,-0.0,11,0.36,trailing_stop
2018-09-28,2018-10-11,EMB,stock,75.25,74.2,,1330.0,17.6695,-18.48,-1.39,9,0.0,trailing_stop
2018-10-03,2018-10-16,TMO,stock,244.12,231.68,,1328.0,5.4383,-67.64,-5.09,9,0.0,trailing_stop
2018-10-04,2018-10-29,UNG,stock,107.51,102.03,,1328.0,12.3491,-67.64,-5.1,17,0.47,trailing_stop
2018-10-10,2018-10-23,GE,stock,62.05,58.89,,1328.0,21.3983,-67.65,-5.1,9,0.0,trailing_stop
2018-10-11,2018-12-24,O,stock,39.05,42.57,,1327.0,33.9886,119.59,9.01,50,5.18,trailing_stop
2018-12-05,2018-12-18,TEF.MC,stock,4.95,4.95,,1066.0,215.2727,-0.0,-0.0,9,0.11,trailing_stop
2018-12-05,2018-12-18,IFX.DE,stock,17.1,16.23,,1066.0,62.3121,-54.3,-5.1,9,0.0,trailing_stop
2018-12-05,2018-12-18,ITX.MC,stock,21.41,20.32,,1066.0,49.7748,-54.3,-5.1,9,0.0,trailing_stop
2018-12-05,2018-12-19,ROG.SW,stock,198.28,188.18,,1066.0,5.3752,-54.3,-5.1,10,0.0,trailing_stop
2018-12-05,2018-12-21,OR.PA,stock,190.21,180.52,,1066.0,5.6034,-54.3,-5.09,12,0.0,trailing_stop
2018-12-06,2018-12-19,AMD,stock,20.24,19.21,,1070.0,52.8724,-54.52,-5.1,9,0.07,trailing_stop
2018-12-06,2018-12-19,UNH,stock,241.84,229.52,,1070.0,4.4251,-54.52,-5.1,9,0.0,trailing_stop
2018-12-06,2018-12-19,XEL,stock,42.31,40.62,,1070.0,25.2907,-42.94,-4.01,9,0.34,trailing_stop
2018-12-06,2018-12-24,ED,stock,63.49,60.9,,1070.0,16.8553,-43.67,-4.08,12,0.53,trailing_stop
2019-01-22,2019-02-07,CAT,stock,116.39,110.46,,1041.0,8.9425,-53.03,-5.09,12,0.21,trailing_stop
2019-01-22,2019-03-08,SPXL,stock,36.92,39.99,,1041.0,28.1907,86.47,8.31,32,2.15,trailing_stop
2019-01-23,2019-02-05,UNH,stock,237.17,237.17,,1041.0,4.3885,-0.0,-0.0,9,0.22,trailing_stop
2019-01-23,2019-02-07,TMO,stock,238.07,238.07,,1041.0,4.3719,-0.0,-0.0,11,0.38,trailing_stop
2019-01-23,2019-02-07,XLV,stock,79.6,79.6,,1041.0,13.076,-0.0,-0.0,11,0.37,trailing_stop
2019-01-23,2019-02-07,EWG,stock,22.28,22.28,,1041.0,46.7244,-0.0,-0.0,11,0.86,trailing_stop
2019-01-23,2019-02-15,DE,stock,144.41,144.41,,1041.0,7.2072,-0.0,-0.0,17,0.57,trailing_stop
2019-01-23,2019-05-07,TQQQ,stock,5.14,7.45,,1041.0,202.5812,468.72,45.03,72,5.02,trailing_stop
2019-01-23,2019-05-07,QQQ,stock,155.71,177.64,,1041.0,6.6842,146.54,14.08,72,4.35,trailing_stop
2019-01-23,2019-04-02,NVDA,option_us,0.54,0.99,3.56,1457.0,27.01,1227.81,84.26,48,0.9,dte_exit
2019-02-05,2019-02-28,PG,stock,82.21,82.21,,1041.0,12.6608,-0.0,-0.0,16,0.58,trailing_stop
2019-02-07,2019-02-21,GOOGL,stock,55.19,55.19,,1036.0,18.7626,-0.0,-0.0,9,0.33,trailing_stop
2019-02-07,2019-04-12,ROG.SW,stock,206.36,210.77,,1036.0,5.0181,22.16,2.14,46,2.29,trailing_stop
2019-02-07,2019-06-17,BP,stock,28.99,27.78,,1036.0,35.7254,-42.94,-4.15,89,1.82,trailing_stop
2019-02-08,2019-05-01,CPER,stock,17.71,17.71,,1036.0,58.4784,-0.0,-0.0,56,1.96,trailing_stop
2019-02-15,2019-05-07,ERIC-B.ST,option_eu,7.35,7.01,66.68,1450.0,1.97,-67.15,-4.63,54,0.59,dte_exit
2019-02-21,2019-05-07,WMT,option_us,2.38,2.29,28.43,1450.0,6.09,-55.69,-3.84,52,0.25,dte_exit
2019-02-28,2019-03-14,PPLT,stock,82.6,79.05,,1036.0,12.5361,-44.48,-4.29,10,0.0,trailing_stop
2019-03-08,2019-04-12,BATS.L,stock,1796.51,1796.5,,1044.0,0.5812,-0.0,-0.0,25,1.15,trailing_stop
2019-03-14,2019-03-27,AVB,stock,157.08,157.08,,1040.0,6.6191,-0.0,-0.0,9,0.28,trailing_stop
2019-03-28,2019-04-11,LLY,stock,118.26,114.53,,1040.0,8.7921,-32.75,-3.15,10,0.05,trailing_stop
2019-04-02,2019-04-17,RIO.AX,stock,62.4,62.4,,1162.0,18.6286,-0.0,-0.0,11,0.53,trailing_stop
2019-04-15,2019-05-06,0700.HK,stock,380.48,361.1,,1161.0,3.0525,-59.18,-5.1,12,0.0,trailing_stop
2019-04-22,2019-07-02,PEP,option_us,7.44,10.83,97.33,1626.0,2.19,743.05,45.7,50,0.66,dte_exit
2019-04-23,2019-05-06,UNP,stock,151.94,151.94,,1161.0,7.644,-0.0,-0.0,9,0.31,trailing_stop
2019-04-23,2019-08-01,AXP,stock,102.78,113.37,,1161.0,11.3005,119.73,10.31,70,6.11,trailing_stop
2019-05-02,2019-07-02,PHIA.AS,option_eu,2.23,3.22,25.77,1626.0,7.28,720.64,44.32,43,0.44,dte_exit
2019-05-07,2019-05-31,HSBC,stock,30.73,29.29,,1205.0,39.2052,-56.34,-4.68,17,0.0,trailing_stop
2019-06-11,2019-09-03,MCD,option_us,12.85,22.9,164.41,1679.0,1.31,1312.62,78.19,58,1.01,dte_exit
2019-06-13,2019-07-02,NAB.AX,stock,20.01,19.43,,1199.0,59.9399,-34.48,-2.88,13,0.0,trailing_stop
2019-06-13,2019-07-25,TEF.MC,stock,4.89,4.7,,1199.0,245.1451,-46.83,-3.91,30,0.4,trailing_stop
2019-06-13,2019-08-05,HYG,stock,60.4,60.51,,1199.0,19.8546,2.3,0.19,36,1.7,trailing_stop
2019-06-14,2019-06-27,JNJ,stock,117.08,117.08,,1199.0,10.2418,-0.0,-0.0,9,0.54,trailing_stop
2019-06-17,2019-08-05,PLD,stock,66.79,65.28,,1195.0,17.8892,-27.01,-2.26,34,1.0,trailing_stop
2019-06-19,2019-07-02,TSLA,stock,15.02,15.02,,1195.0,79.5374,-0.0,-0.0,9,0.09,trailing_stop
2019-06-28,2019-07-15,MPC,stock,44.13,44.13,,1195.0,27.0736,-0.0,-0.0,10,0.35,trailing_stop
2019-07-02,2019-07-16,SAP,stock,125.72,122.79,,1338.0,10.6407,-31.21,-2.33,9,0.41,trailing_stop
2019-07-02,2019-08-02,GS,stock,175.25,176.01,,1338.0,7.6334,5.81,0.43,22,2.14,trailing_stop
2019-07-02,2019-08-05,PSX,stock,71.43,73.73,,1338.0,18.7275,42.99,3.21,23,2.41,trailing_stop
2019-07-02,2019-09-03,QCOM,option_us,8.37,3.94,62.87,1873.0,2.24,-991.77,-52.95,43,0.0,dte_exit
2019-07-15,2019-07-26,UNH,stock,236.73,224.67,,1338.0,5.6511,-68.16,-5.1,9,0.12,trailing_stop
2019-07-16,2019-07-31,TMUS,stock,76.37,76.37,,1335.0,17.4759,-0.0,-0.0,11,1.62,trailing_stop
2019-07-25,2019-08-07,SCHW,stock,40.45,34.35,,1330.0,32.8778,-200.62,-15.09,9,0.0,emergency_stop
2019-07-26,2019-08-08,MMM,stock,116.59,110.65,,1323.0,11.3482,-67.41,-5.1,9,0.0,trailing_stop
2019-07-31,2019-10-02,GSK,stock,30.54,30.67,,1323.0,43.3249,5.66,0.43,44,2.0,trailing_stop
2019-08-01,2019-08-16,WBC.AX,stock,20.89,20.12,,1335.0,63.8987,-49.32,-3.69,11,0.28,trailing_stop
2019-08-02,2020-02-03,AAPL,stock,49.26,73.07,,1336.0,27.1163,645.83,48.35,126,14.88,trailing_stop
2019-09-06,2019-10-01,GLD,stock,143.78,137.68,,1338.0,9.3047,-56.84,-4.25,17,0.2,trailing_stop
2019-09-09,2019-09-23,IFX.DE,stock,15.88,16.14,,1338.0,84.2239,21.71,1.62,10,1.89,trailing_stop
2019-09-09,2019-09-23,VOLV-B.ST,stock,93.35,94.49,,1338.0,14.3322,16.41,1.23,10,1.63,trailing_stop
2019-09-09,2019-09-24,ABBN.SW,stock,14.87,15.0,,1338.0,89.9494,11.12,0.83,11,1.56,trailing_stop
2019-09-10,2019-09-23,TMO,stock,285.19,285.19,,1338.0,4.6911,-0.0,-0.0,9,0.61,trailing_stop
2019-09-11,2019-09-24,SLB,stock,32.07,30.44,,1338.0,41.7178,-68.16,-5.09,9,0.62,trailing_stop
2019-09-11,2019-09-24,HSBC,stock,28.16,27.53,,1338.0,47.5101,-29.86,-2.23,9,0.52,trailing_stop
2019-09-11,2019-10-02,SPG,stock,111.2,105.53,,1338.0,12.0317,-68.16,-5.09,15,0.0,trailing_stop
2019-09-23,2019-12-03,ROG.SW,option_eu,16.93,24.98,213.84,1878.0,1.11,893.74,47.58,51,0.91,dte_exit
2019-09-24,2019-12-02,ERIC-B.ST,stock,66.09,70.05,,1333.0,20.17,79.97,6.0,49,2.64,trailing_stop
2019-09-24,2020-01-08,AI.PA,stock,87.83,90.3,,1333.0,15.1774,37.54,2.82,73,2.46,trailing_stop
2019-09-24,2019-12-03,DTE.DE,option_eu,0.81,0.35,11.29,1866.0,23.04,-1048.31,-56.17,49,0.6,dte_exit
2019-09-25,2019-10-08,EQIX,stock,509.45,509.45,,1333.0,2.6165,-0.0,-0.0,9,0.27,trailing_stop
2019-09-25,2019-10-10,SAN.PA,stock,67.37,64.43,,1333.0,19.7847,-58.35,-4.38,11,0.04,trailing_stop
2019-10-01,2019-12-03,WFC,stock,42.82,44.61,,1327.0,30.9991,55.44,4.18,44,2.45,trailing_stop
2019-10-02,2019-10-29,AVB,stock,172.23,172.23,,1321.0,7.6705,-0.0,-0.0,19,1.37,trailing_stop
2019-10-02,2020-02-05,GSK,stock,31.04,35.04,,1321.0,42.5648,170.54,12.91,86,6.26,trailing_stop
2019-10-08,2019-11-11,PEP,stock,112.95,108.54,,1321.0,11.6964,-51.53,-3.9,24,0.02,trailing_stop
2019-10-15,2019-12-02,EWT,stock,24.54,25.58,,1315.0,53.588,55.5,4.22,33,3.92,trailing_stop
2019-10-29,2019-12-03,INTC,stock,49.5,49.5,,1315.0,26.5687,-0.0,-0.0,24,1.14,trailing_stop
2019-11-11,2020-02-04,GOOGL,option_us,5.27,10.44,61.43,1834.0,3.48,1798.97,98.09,57,1.36,dte_exit
2019-12-02,2020-02-04,BABA,option_us,16.62,34.14,183.12,1853.0,1.11,1952.94,105.39,43,1.49,dte_exit
2019-12-03,2020-02-28,WEAT,stock,28.18,26.84,,1314.0,46.6213,-62.32,-4.74,59,1.98,trailing_stop
2019-12-06,2020-02-20,DHR,stock,127.56,138.16,,1314.0,10.2985,109.17,8.31,50,4.06,trailing_stop
2019-12-09,2020-01-24,BMY,stock,47.86,51.13,,1314.0,27.4462,89.66,6.82,31,3.14,trailing_stop
2019-12-11,2020-01-27,DBA,stock,14.25,14.25,,1314.0,92.165,-0.0,-0.0,30,1.74,trailing_stop
2019-12-13,2020-01-08,SLB,stock,33.99,33.99,,1314.0,38.6452,-0.0,-0.0,16,0.7,trailing_stop
2020-01-08,2020-01-22,GE,stock,58.1,55.14,,1317.0,22.677,-67.12,-5.09,9,0.23,trailing_stop
2020-01-08,2020-02-27,MCD,stock,175.55,181.06,,1317.0,7.5048,41.39,3.14,34,3.61,trailing_stop
2020-01-22,2020-02-27,COST,stock,286.42,275.54,,1311.0,4.5762,-49.83,-3.8,25,1.39,trailing_stop
2020-01-24,2020-02-06,PEP,stock,118.84,118.84,,1320.0,11.1046,-0.0,-0.0,9,0.11,trailing_stop
2020-01-27,2020-02-07,INTC,stock,58.91,58.91,,1320.0,22.4005,-0.0,-0.0,9,0.23,trailing_stop
2020-02-03,2020-02-24,MSFT,stock,161.61,164.37,,1384.0,8.5655,23.57,1.7,14,3.18,trailing_stop
2020-02-04,2020-02-24,AMZN,stock,101.6,101.77,,1759.0,17.3185,3.11,0.18,13,1.67,trailing_stop
2020-02-04,2020-05-05,GLD,option_us,10.27,22.05,139.62,2463.0,2.4,2823.45,114.62,63,1.46,dte_exit
2020-02-07,2020-02-21,NOVO-B.CO,stock,197.27,197.27,,1777.0,9.0056,-0.0,-0.0,10,0.29,trailing_stop
2020-02-11,2020-05-05,ABBV,option_us,7.44,2.88,70.94,2487.0,3.34,-1523.2,-61.24,58,0.16,dte_exit
2020-02-12,2020-02-24,NVDA,stock,6.73,6.91,,1777.0,264.1078,48.32,2.72,7,2.7,trailing_stop
2020-02-20,2020-02-24,AMD,stock,58.5,49.67,,1787.0,30.5556,-269.64,-15.08,2,0.0,emergency_stop
2020-02-21,2020-02-28,GDXJ,stock,40.53,34.42,,1787.0,44.1031,-269.64,-15.09,5,0.18,emergency_stop
2020-02-24,2020-02-28,PLD,stock,82.25,69.85,,1768.0,21.4945,-266.7,-15.08,4,0.0,emergency_stop
2020-02-24,2020-02-28,DLR,stock,110.87,94.15,,1768.0,15.9462,-266.7,-15.08,4,0.0,emergency_stop
2020-02-24,2020-02-28,O,stock,58.66,49.81,,1768.0,30.1409,-266.7,-15.08,4,0.0,emergency_stop
2020-02-24,2020-03-09,LQD,stock,106.41,105.75,,1768.0,16.6142,-11.11,-0.63,10,3.22,trailing_stop
2020-04-21,2020-05-04,TQQQ,stock,7.5,7.5,,1653.0,220.3508,-0.0,-0.0,9,0.72,trailing_stop
2020-04-21,2020-05-05,NESN.SW,stock,91.23,86.58,,1653.0,18.1179,-84.21,-5.09,9,0.0,trailing_stop
2020-04-21,2020-05-05,ERIC-B.ST,stock,70.98,67.36,,1653.0,23.2869,-84.21,-5.1,9,0.0,trailing_stop
2020-04-21,2020-05-13,DIA,stock,208.53,208.53,,1653.0,7.926,-0.0,-0.0,16,0.95,trailing_stop
2020-04-21,2020-05-14,SPXL,stock,30.1,30.1,,1653.0,54.9102,-0.0,-0.0,17,0.98,trailing_stop
2020-04-21,2020-05-18,SAN.PA,stock,70.38,70.38,,1653.0,23.485,-0.0,-0.0,18,1.02,trailing_stop
2020-04-21,2020-06-26,GOOGL,stock,61.69,67.66,,1653.0,26.7934,160.01,9.68,47,2.53,trailing_stop
2020-04-21,2020-07-31,XBI,stock,93.07,107.11,,1653.0,17.7589,249.36,15.09,71,3.67,trailing_stop
2020-05-04,2020-06-26,META,stock,198.84,216.77,,1653.0,8.3124,149.08,9.02,38,2.57,trailing_stop
2020-05-05,2020-08-21,OR.PA,stock,231.36,254.28,,1766.0,7.6331,174.92,9.91,78,2.32,trailing_stop
2020-05-05,2020-10-27,NESTE.HE,stock,26.1,39.91,,1766.0,67.6542,934.39,52.91,123,5.95,trailing_stop
2020-05-07,2020-05-27,NOW,stock,73.87,73.87,,1766.0,23.9077,-0.0,-0.0,13,0.6,trailing_stop
2020-05-12,2020-06-11,PSX,stock,60.37,60.37,,1766.0,29.252,-0.0,-0.0,21,1.6,trailing_stop
2020-05-13,2020-05-27,LSEG.L,stock,7547.51,7547.5,,1766.0,0.234,-0.0,-0.0,9,0.92,trailing_stop
2020-05-14,2020-07-27,PDD,stock,58.44,78.02,,1766.0,30.22,591.62,33.5,50,6.24,trailing_stop
2020-05-18,2020-08-04,SLV,option_us,1.58,9.04,15.15,2472.0,15.66,11688.78,472.77,54,4.73,dte_exit
2020-05-28,2020-06-11,INGA.AS,stock,4.29,4.46,,1766.0,411.4759,67.95,3.85,10,1.73,trailing_stop
2020-05-28,2020-08-12,EWZ,stock,18.19,20.21,,1766.0,97.0658,195.94,11.1,53,2.8,trailing_stop
2020-06-11,2020-07-16,AMZN,stock,130.31,145.96,,1773.0,13.605,212.95,12.01,24,4.98,trailing_stop
2020-06-11,2020-10-27,RIO.AX,stock,66.68,63.28,,1773.0,26.5869,-90.32,-5.1,98,1.74,trailing_stop
2020-07-02,2020-08-07,CPER,stock,17.25,17.59,,1804.0,104.5799,35.91,1.99,25,2.4,trailing_stop
2020-07-02,2020-08-11,AGG,stock,100.25,100.94,,1804.0,17.9919,12.37,0.69,27,3.14,trailing_stop
2020-07-16,2020-07-30,RIO,stock,38.41,38.41,,1825.0,47.515,-0.0,-0.0,10,0.72,trailing_stop
2020-07-27,2020-09-01,ULVR.L,stock,4050.57,3848.38,,1884.0,0.4652,-94.05,-4.99,25,0.44,trailing_stop
2020-07-31,2020-10-06,RI.PA,option_eu,10.5,1.41,119.0,2673.0,2.55,-2313.97,-86.58,47,0.02,dte_exit
2020-08-03,2020-10-06,QCOM,option_us,13.02,16.99,90.15,2673.0,2.05,814.54,30.48,45,0.72,dte_exit
2020-08-04,2020-09-01,NOK,stock,4.5,4.27,,3078.0,684.5868,-156.82,-5.1,20,0.13,trailing_stop
2020-08-07,2020-11-03,DIS,option_us,14.43,5.19,120.86,4314.0,2.99,-2761.0,-64.0,61,0.11,dte_exit
2020-08-11,2020-09-08,META,stock,258.42,267.14,,3083.0,11.9296,104.06,3.38,19,2.46,trailing_stop
2020-08-12,2020-10-28,DE,stock,178.26,211.02,,3102.0,17.4038,570.14,18.38,54,6.04,trailing_stop
2020-08-21,2020-09-03,JD,stock,67.87,70.05,,3120.0,45.9655,100.02,3.21,9,1.62,trailing_stop
2020-09-01,2020-09-21,INTC,stock,45.74,43.96,,3095.0,67.6624,-120.5,-3.89,13,0.72,trailing_stop
2020-09-02,2020-09-21,CPER,stock,18.71,18.71,,3095.0,165.4211,-0.0,-0.0,12,0.74,trailing_stop
2020-09-04,2020-09-24,KO,stock,42.88,40.7,,3105.0,72.3999,-158.19,-5.1,13,0.25,trailing_stop
2020-09-18,2020-10-01,ITX.MC,stock,20.81,19.75,,3115.0,149.6984,-158.72,-5.1,9,0.0,trailing_stop
2020-10-05,2020-10-23,DUK,stock,73.49,73.49,,3071.0,41.7923,-0.0,-0.0,14,0.63,trailing_stop
2020-10-07,2021-01-05,LSEG.L,option_eu,863.93,682.58,8026.28,4090.0,0.05,-858.6,-20.99,61,0.0,dte_exit
2020-10-09,2020-10-26,INDA,stock,33.04,31.96,,2922.0,88.4139,-95.69,-3.28,11,0.0,trailing_stop
2020-10-09,2020-10-28,WEAT,stock,29.28,29.28,,2922.0,99.7818,-0.0,-0.0,13,1.05,trailing_stop
2020-10-12,2020-10-23,IBM,stock,97.66,92.69,,2922.0,29.9139,-148.85,-5.1,9,0.0,trailing_stop
2020-10-12,2021-01-05,BAS.DE,option_eu,4.78,8.67,38.2,4090.0,8.57,3339.52,81.65,57,0.95,dte_exit
2020-10-23,2021-01-22,CORN,stock,13.8,15.82,,2907.0,210.569,424.53,14.61,61,9.45,trailing_stop
2020-11-06,2020-11-19,ROG.SW,stock,263.15,249.74,,2762.0,10.4975,-140.74,-5.1,9,0.0,trailing_stop
2020-11-06,2020-12-09,BMY,stock,51.8,49.17,,2762.0,53.3284,-140.4,-5.08,22,0.26,trailing_stop
2020-11-06,2021-02-02,TMO,option_us,48.59,35.77,485.52,3867.0,0.8,-1019.87,-26.37,58,0.0,dte_exit
2020-11-06,2021-02-02,ABBV,option_us,8.9,13.57,72.1,3867.0,4.35,2029.78,52.48,58,1.37,dte_exit
2020-11-09,2020-11-10,JD,stock,84.12,71.43,,2762.0,32.8406,-416.71,-15.08,1,0.0,emergency_stop
2020-11-09,2020-11-23,QCOM,stock,132.86,126.09,,2762.0,20.792,-140.74,-5.1,10,0.0,trailing_stop
2020-11-09,2021-05-04,AMAT,stock,69.87,124.85,,2762.0,39.5335,2173.44,78.68,120,16.91,trailing_stop
2020-11-11,2020-12-21,SAN.MC,stock,1.86,2.07,,2721.0,1464.3579,315.38,11.59,28,3.14,trailing_stop
2020-11-19,2020-12-21,WBC.AX,stock,15.02,15.03,,2707.0,180.2169,1.13,0.04,22,1.36,trailing_stop
2020-11-25,2020-12-10,ETN,stock,112.47,106.74,,2693.0,23.9404,-137.19,-5.09,10,0.0,trailing_stop
2020-12-10,2020-12-23,T,stock,16.58,15.74,,2665.0,160.6879,-135.77,-5.09,9,0.0,trailing_stop
2020-12-10,2020-12-23,NOK,stock,3.68,3.5,,2665.0,723.2921,-135.77,-5.1,9,0.0,trailing_stop
2020-12-21,2021-01-06,CBA.AX,stock,68.17,68.17,,2696.0,39.5561,-0.0,-0.0,9,0.29,trailing_stop
2020-12-21,2021-03-04,CPER,stock,22.44,24.47,,2696.0,120.1508,244.1,9.05,49,6.88,trailing_stop
2020-12-28,2021-02-03,WEAT,stock,30.03,30.16,,2669.0,88.8884,11.82,0.44,25,2.04,trailing_stop
2020-12-28,2021-03-18,DBA,stock,13.96,14.96,,2669.0,191.2611,192.63,7.22,55,6.86,trailing_stop
2021-01-06,2021-04-06,LSEG.L,option_eu,1077.87,174.86,8035.21,4084.0,0.04,-3421.8,-83.78,62,0.27,dte_exit
2021-01-07,2021-01-27,JD,stock,82.42,82.42,,2917.0,35.396,-0.0,-0.0,13,1.0,trailing_stop
2021-01-08,2021-04-06,UBSG.SW,option_eu,1.26,1.87,12.24,4084.0,32.33,1952.11,47.79,60,0.52,dte_exit
2021-01-22,2021-02-04,NFLX,stock,58.27,55.3,,2960.0,50.7972,-150.81,-5.1,9,0.0,trailing_stop
2021-01-27,2021-02-26,PHIA.AS,stock,36.61,34.74,,2960.0,80.8522,-150.81,-5.1,22,0.36,trailing_stop
2021-02-03,2021-02-17,SLV,stock,25.02,25.02,,3062.0,122.3591,-0.0,-0.0,9,0.19,trailing_stop
2021-02-04,2021-02-18,NOW,stock,116.09,116.09,,3047.0,26.2456,-0.0,-0.0,9,0.34,trailing_stop
2021-02-04,2021-02-23,SIE.DE,stock,117.78,111.78,,3047.0,25.87,-155.24,-5.1,13,0.0,trailing_stop
2021-02-04,2021-04-06,AMZN,option_us,16.05,8.03,158.17,4266.0,2.66,-2132.3,-49.99,41,0.02,dte_exit
2021-02-17,2021-03-04,DBB,stock,15.52,15.82,,3047.0,196.2656,57.02,1.87,11,3.02,trailing_stop
2021-02-18,2021-03-04,PICK,stock,33.42,33.42,,3047.0,91.1699,-0.0,-0.0,10,1.37,trailing_stop
2021-02-25,2021-03-16,BP,stock,20.21,20.21,,3031.0,149.994,-0.0,-0.0,13,0.62,trailing_stop
2021-02-26,2021-03-22,AIR.PA,stock,90.95,90.95,,3016.0,33.1645,-0.0,-0.0,16,0.77,trailing_stop
2021-03-05,2021-06-01,GE,option_us,8.2,6.24,63.83,4265.0,5.2,-1022.53,-23.97,60,0.13,dte_exit
2021-03-09,2021-03-22,ORCL,stock,67.67,64.22,,3046.0,45.0219,-155.22,-5.09,9,0.0,trailing_stop
2021-03-09,2021-03-22,HAL,stock,21.96,20.84,,3046.0,138.7525,-155.22,-5.1,9,0.02,trailing_stop
2021-03-16,2021-03-29,DIA,stock,302.46,302.46,,3046.0,10.0723,-0.0,-0.0,9,0.2,trailing_stop
2021-03-18,2021-04-29,MRK,stock,63.05,60.5,,3066.0,48.6242,-124.11,-4.05,29,0.67,trailing_stop
2021-03-22,2021-04-05,WFC,stock,34.98,34.98,,3035.0,86.7507,-0.0,-0.0,9,0.17,trailing_stop
2021-03-22,2021-04-06,JPM,stock,134.69,134.69,,3035.0,22.5302,-0.0,-0.0,10,0.24,trailing_stop
2021-03-22,2021-05-04,SIE.DE,stock,119.91,119.91,,3035.0,25.3083,-0.0,-0.0,29,1.6,trailing_stop
2021-03-29,2021-09-20,COST,stock,333.07,426.09,,3035.0,9.1113,847.52,27.93,121,7.82,trailing_stop
2021-04-06,2021-04-19,ASML,stock,605.28,605.28,,2674.0,4.4186,-0.0,-0.0,9,0.26,trailing_stop
2021-04-06,2021-05-04,QQQ,stock,321.69,321.69,,2674.0,8.3139,-0.0,-0.0,20,0.86,trailing_stop
2021-04-06,2021-05-12,SPY,stock,380.38,382.26,,2674.0,7.0311,13.25,0.5,26,1.66,trailing_stop
2021-04-06,2021-07-06,SMH,option_us,19.32,9.25,117.73,3744.0,1.94,-1951.32,-52.11,63,0.0,dte_exit
2021-04-07,2021-04-22,ORCL,stock,69.09,71.21,,2674.0,38.7127,82.19,3.07,11,1.93,trailing_stop
2021-04-19,2021-04-30,ED,stock,65.87,64.23,,2674.0,40.6024,-66.71,-2.49,9,0.36,trailing_stop
2021-04-23,2021-05-21,CPER,stock,26.64,27.63,,2683.0,100.7148,100.11,3.73,20,3.15,trailing_stop
2021-04-29,2021-05-12,RTX,stock,74.79,74.79,,2670.0,35.7046,-0.0,-0.0,9,0.62,trailing_stop
2021-04-30,2021-06-21,ITX.MC,stock,25.53,25.88,,2664.0,104.3266,36.74,1.38,36,2.15,trailing_stop
2021-05-04,2021-06-23,DLR,stock,127.91,129.74,,2881.0,22.5228,41.24,1.43,35,2.1,trailing_stop
2021-05-06,2021-07-06,DG.PA,option_eu,6.35,2.75,76.42,4033.0,6.35,-2286.87,-56.7,43,0.02,dte_exit
2021-05-07,2021-06-17,SLB,stock,27.2,29.28,,2881.0,105.911,220.38,7.65,28,2.84,trailing_stop
2021-05-12,2021-05-25,RIO,stock,63.26,60.04,,2882.0,45.562,-146.85,-5.1,9,0.0,trailing_stop
2021-05-12,2021-05-27,DUK,stock,85.37,83.66,,2882.0,33.7605,-57.84,-2.01,11,0.11,trailing_stop
2021-05-25,2021-07-06,CSL.AX,stock,271.66,258.82,,2878.0,10.5925,-136.1,-4.73,29,1.27,trailing_stop
2021-05-31,2021-06-28,AIR.PA,stock,101.46,101.46,,2872.0,28.3045,-0.0,-0.0,20,1.11,trailing_stop
2021-05-31,2021-08-03,MC.PA,option_eu,51.83,67.98,575.57,4021.0,0.78,1253.32,31.17,46,0.31,dte_exit
2021-06-01,2021-08-03,RTX,option_us,6.5,4.09,76.75,3877.0,5.96,-1440.95,-37.16,44,0.0,dte_exit
2021-06-17,2021-06-30,DGE.L,stock,3042.86,3042.86,,2792.0,0.9174,-0.0,-0.0,9,0.53,trailing_stop
2021-06-21,2021-09-07,TLT,stock,123.52,125.97,,2795.0,22.63,55.41,1.98,54,2.41,trailing_stop
2021-06-28,2021-09-17,AI.PA,stock,115.46,110.57,,2799.0,24.2459,-118.54,-4.23,59,0.61,trailing_stop
2021-06-29,2021-07-16,NFLX,stock,53.41,53.41,,2799.0,52.4152,-0.0,-0.0,12,0.64,trailing_stop
2021-07-06,2021-07-19,BNO,stock,19.61,18.61,,2362.0,120.4503,-120.34,-5.1,9,0.16,trailing_stop
2021-07-06,2021-10-05,HYG,option_us,4.5,3.57,64.66,3307.0,7.35,-680.82,-20.59,64,0.0,dte_exit
2021-07-07,2021-07-21,TIP,stock,107.87,107.87,,2362.0,21.8968,-0.0,-0.0,10,0.57,trailing_stop
2021-07-07,2021-09-13,XLV,stock,119.34,122.71,,2362.0,19.7919,66.62,2.82,47,3.69,trailing_stop
2021-07-16,2021-08-04,KO,stock,49.06,49.06,,2362.0,48.1442,-0.0,-0.0,13,0.62,trailing_stop
2021-07-19,2021-09-07,HON,stock,192.98,192.98,,2350.0,12.1769,-0.0,-0.0,35,1.15,trailing_stop
2021-07-21,2021-08-06,AGG,stock,100.43,100.43,,2350.0,23.3988,-0.0,-0.0,12,0.81,trailing_stop
2021-08-03,2021-09-20,SU.PA,stock,132.25,137.61,,2331.0,17.6273,94.47,4.05,34,2.61,trailing_stop
2021-08-04,2021-08-17,AMAT,stock,137.41,130.41,,2331.0,16.9653,-118.77,-5.1,9,0.0,trailing_stop
2021-08-04,2021-10-05,CS.PA,option_eu,1.59,1.81,17.37,3264.0,20.55,446.54,13.68,44,0.34,dte_exit
2021-08-06,2021-08-19,IFX.DE,stock,33.87,32.15,,2331.0,68.8222,-118.77,-5.1,9,0.07,trailing_stop
2021-08-17,2021-11-02,AEP,option_us,5.58,1.43,72.52,3247.0,5.82,-2413.9,-74.34,54,0.1,dte_exit
2021-08-20,2021-09-10,PSA,stock,261.36,261.36,,2307.0,8.8287,-0.0,-0.0,14,0.91,trailing_stop
2021-09-07,2021-09-20,EWJ,stock,64.33,64.33,,2313.0,35.9524,-0.0,-0.0,9,1.33,trailing_stop
2021-09-08,2021-09-21,DE,stock,350.13,332.29,,2313.0,6.6061,-117.85,-5.1,9,0.0,trailing_stop
2021-09-16,2021-10-22,WDS.AX,stock,14.75,16.52,,2320.0,157.223,277.56,11.97,26,4.9,trailing_stop
2021-09-17,2021-11-19,EOG,stock,59.42,70.34,,2308.0,38.839,423.99,18.37,45,4.76,trailing_stop
2021-09-17,2021-12-07,BMW.DE,option_eu,5.77,9.31,60.17,3231.0,5.6,1977.35,61.2,57,1.09,dte_exit
2021-09-27,2021-10-13,AXP,stock,168.35,159.77,,2390.0,14.1978,-121.78,-5.1,12,0.0,trailing_stop
2021-09-27,2021-11-19,COP,stock,57.05,61.05,,2390.0,41.8956,167.65,7.01,39,2.65,trailing_stop
2021-09-27,2021-11-23,CRM,stock,279.33,288.18,,2390.0,8.5569,75.76,3.17,41,2.39,trailing_stop
2021-09-29,2021-11-26,XOP,stock,87.16,87.16,,2390.0,27.422,-0.0,-0.0,41,1.91,trailing_stop
2021-10-18,2021-11-01,O,stock,53.56,54.66,,2355.0,43.9623,48.25,2.05,10,1.98,trailing_stop
2021-10-18,2021-11-26,MC.PA,stock,608.5,635.14,,2355.0,3.8695,103.09,4.38,29,2.29,trailing_stop
2021-10-18,2022-01-04,BAC,option_us,4.2,4.37,39.31,3296.0,7.84,130.68,3.96,54,0.17,dte_exit
2021-10-22,2021-11-04,PHIA.AS,stock,32.15,32.15,,2382.0,74.1099,-0.0,-0.0,9,0.22,trailing_stop
2021-11-01,2021-11-12,MRK,stock,76.63,72.78,,2387.0,31.1511,-120.01,-5.03,9,0.72,trailing_stop
2021-11-02,2022-01-04,ABBV,option_us,7.82,22.12,93.66,3004.0,3.84,5496.47,182.97,43,1.92,dte_exit
2021-11-04,2021-11-19,EWG,stock,31.14,30.38,,2146.0,68.9146,-52.03,-2.42,11,0.0,trailing_stop
2021-11-12,2021-11-26,GLD,stock,173.68,169.15,,2134.0,12.2854,-55.65,-2.61,9,0.23,trailing_stop
2021-11-19,2021-12-03,HD,stock,364.84,364.84,,2188.0,5.9965,-0.0,-0.0,9,0.27,trailing_stop
2021-11-22,2021-12-06,AMZN,stock,184.0,174.63,,2188.0,11.8897,-111.47,-5.09,9,0.0,trailing_stop
2021-11-22,2022-01-19,AAPL,stock,158.37,165.44,,2188.0,13.8142,97.76,4.47,39,3.7,trailing_stop
2021-11-23,2021-12-03,JD,stock,82.12,69.73,,2195.0,26.7324,-331.16,-15.08,7,0.0,emergency_stop
2021-11-30,2022-01-21,PFE,stock,41.93,42.17,,2200.0,52.4671,12.27,0.56,36,2.7,trailing_stop
2021-12-02,2022-03-15,BHP.AX,stock,26.29,32.39,,2200.0,83.6912,510.68,23.21,69,8.45,trailing_stop
2021-12-07,2022-01-03,TLT,stock,130.78,125.15,,2354.0,17.9967,-101.31,-4.3,18,0.0,trailing_stop
2021-12-09,2022-01-10,AVGO,stock,53.67,56.66,,2354.0,43.8534,131.27,5.58,21,3.28,trailing_stop
2021-12-10,2022-01-11,IBM,stock,105.65,112.32,,2354.0,22.2769,148.57,6.31,21,3.08,trailing_stop
2021-12-14,2021-12-28,ORCL,stock,94.54,89.72,,2354.0,24.8945,-119.91,-5.1,9,0.53,trailing_stop
2021-12-14,2022-03-01,BATS.L,option_eu,163.95,481.26,1876.05,3295.0,0.2,6377.31,193.55,52,2.8,dte_exit
2021-12-28,2022-01-11,SOYB,stock,23.19,23.19,,2342.0,100.958,-0.0,-0.0,10,1.11,trailing_stop
2022-01-05,2022-01-19,BAC,stock,43.28,41.74,,2894.0,66.8642,-103.07,-3.56,9,0.49,trailing_stop
2022-01-05,2022-01-21,BAS.DE,stock,50.62,50.62,,2894.0,57.173,-0.0,-0.0,12,0.99,trailing_stop
2022-01-05,2022-04-05,SLB,option_us,3.93,8.19,29.01,4052.0,10.31,4388.45,108.31,62,2.13,dte_exit
2022-01-10,2022-01-24,RIO,stock,52.03,51.99,,2907.0,55.8806,-1.77,-0.06,9,2.16,trailing_stop
2022-01-11,2022-01-24,UBSG.SW,stock,16.89,16.18,,2922.0,173.023,-122.45,-4.19,9,0.22,trailing_stop
2022-01-11,2022-01-25,BMY,stock,54.84,52.05,,2922.0,53.2827,-148.88,-5.1,9,0.07,trailing_stop
2022-03-22,2022-04-04,ZURN.SW,stock,364.05,364.05,,3584.0,9.8455,-0.0,-0.0,9,0.48,trailing_stop
2022-03-22,2022-04-04,SCHW,stock,85.43,81.08,,3584.0,41.9568,-182.62,-5.1,9,0.23,trailing_stop
2022-03-22,2022-04-21,ROG.SW,stock,318.35,318.35,,3584.0,11.2589,-0.0,-0.0,20,1.95,trailing_stop
2022-03-22,2022-05-09,NOVN.SW,stock,65.99,68.25,,3584.0,54.3178,123.06,3.43,32,2.16,trailing_stop
2022-03-23,2022-04-05,NVDA,stock,26.1,26.1,,3584.0,137.3049,-0.0,-0.0,9,0.92,trailing_stop
2022-03-23,2022-04-29,BMY,stock,60.16,62.64,,3584.0,59.5755,147.37,4.11,26,3.03,trailing_stop
2022-03-24,2022-04-06,DE,stock,408.13,387.34,,3584.0,8.7821,-182.62,-5.09,9,0.16,trailing_stop
2022-03-24,2022-04-11,TSLA,stock,336.91,336.91,,3584.0,10.6386,-0.0,-0.0,12,1.35,trailing_stop
2022-03-24,2022-04-12,DHR,stock,250.37,243.9,,3584.0,14.3159,-92.66,-2.59,13,0.73,trailing_stop
2022-04-04,2022-04-22,AEP,stock,87.15,87.15,,3566.0,40.9183,-0.0,-0.0,13,1.1,trailing_stop
2022-04-04,2022-04-25,NESTE.HE,stock,37.92,37.92,,3566.0,94.0473,-0.0,-0.0,13,0.53,trailing_stop
2022-04-05,2022-04-20,ERIC-B.ST,stock,77.71,74.19,,4005.0,51.5381,-181.38,-4.53,9,0.55,trailing_stop
2022-04-06,2022-07-05,TMUS,option_us,11.26,13.48,120.14,5581.0,4.95,1100.37,19.72,60,0.52,dte_exit
2022-04-07,2022-06-13,IBE.MC,stock,9.03,8.57,,3987.0,441.3604,-203.12,-5.1,45,1.42,trailing_stop
2022-04-11,2022-06-14,SAN.PA,stock,88.48,83.97,,3987.0,45.0565,-203.12,-5.1,44,1.0,trailing_stop
2022-04-12,2022-05-09,NESN.SW,stock,112.82,109.78,,3977.0,35.2531,-107.39,-2.7,17,0.61,trailing_stop
2022-04-21,2022-05-04,TGT,stock,220.25,209.03,,3959.0,17.9761,-201.72,-5.09,9,0.0,trailing_stop
2022-04-22,2022-05-06,SOYB,stock,29.07,27.78,,3959.0,136.2,-175.98,-4.44,10,0.0,trailing_stop
2022-04-22,2022-05-10,IBM,stock,120.17,114.05,,3959.0,32.9471,-201.72,-5.1,12,0.0,trailing_stop
2022-07-21,2022-08-03,INTC,stock,38.2,36.25,,3987.0,104.3841,-203.14,-5.1,9,0.0,trailing_stop
2022-07-21,2022-08-22,VOLV-B.ST,stock,144.89,144.89,,3987.0,27.5175,-0.0,-0.0,22,0.81,trailing_stop
2022-07-21,2022-08-24,CRH,stock,32.88,34.38,,3987.0,121.2553,181.39,4.55,24,2.3,trailing_stop
2022-07-22,2022-08-08,NVDA,stock,17.88,17.88,,3987.0,222.9587,-0.0,-0.0,11,0.83,trailing_stop
2022-07-22,2022-08-19,HYG,stock,62.29,62.29,,3987.0,64.0082,-0.0,-0.0,20,1.17,trailing_stop
2022-07-22,2022-09-01,GS,stock,297.87,297.87,,3987.0,13.3851,-0.0,-0.0,29,1.48,trailing_stop
2022-07-22,2022-10-04,NFLX,option_us,3.97,3.55,21.13,5582.0,14.06,-592.82,-10.62,51,0.22,dte_exit
2022-07-25,2022-08-05,CHTR,stock,490.26,465.28,,3987.0,8.1324,-203.14,-5.1,9,0.0,trailing_stop
2022-07-25,2022-08-09,ASML,stock,517.99,517.99,,3987.0,7.697,-0.0,-0.0,11,1.27,trailing_stop
2022-07-26,2022-08-30,AXP,stock,146.4,146.4,,3987.0,27.2334,-0.0,-0.0,25,1.42,trailing_stop
2022-08-04,2022-08-23,LMT,stock,390.2,390.19,,3967.0,10.1658,-0.0,-0.0,13,0.5,trailing_stop
2022-08-09,2022-08-22,XBI,stock,91.65,86.98,,3946.0,43.0588,-201.07,-5.09,9,0.4,trailing_stop
2022-08-12,2022-08-25,AD.AS,stock,24.91,24.91,,3946.0,158.4003,-0.0,-0.0,9,0.46,trailing_stop
2022-08-12,2022-08-26,DIS,stock,116.38,112.34,,3946.0,33.9097,-136.91,-3.47,10,0.82,trailing_stop
2022-08-23,2022-09-06,OXY,stock,66.82,63.41,,3926.0,58.7616,-200.04,-5.1,9,0.67,trailing_stop
2022-08-25,2022-11-01,HAL,option_us,3.81,6.42,28.01,5522.0,14.49,3778.4,68.42,47,0.74,dte_exit
2022-08-26,2022-09-08,WDS.AX,stock,26.16,24.83,,3931.0,150.2537,-200.27,-5.1,9,0.29,trailing_stop
2022-08-29,2022-09-16,PDD,stock,65.11,65.1,,3931.0,60.3746,-0.0,-0.0,13,0.92,trailing_stop
2022-08-31,2022-09-16,CORN,stock,26.71,26.71,,3931.0,147.18,-0.0,-0.0,11,0.73,trailing_stop
2022-09-14,2022-12-06,KBC.BR,option_eu,4.94,7.11,40.35,5447.0,11.03,2401.33,44.09,59,0.44,dte_exit
2022-11-01,2022-11-03,TNA,stock,38.13,32.38,,4209.0,110.3832,-634.96,-15.08,2,0.0,emergency_stop
2022-11-01,2022-11-03,SPXL,stock,65.94,55.99,,4209.0,63.8341,-634.96,-15.09,2,0.0,emergency_stop
2022-11-01,2022-11-14,TMUS,stock,147.24,139.74,,4209.0,28.5866,-214.46,-5.1,9,0.0,trailing_stop
2022-11-01,2022-11-14,SCHW,stock,76.27,72.38,,4209.0,55.1909,-214.46,-5.1,9,0.0,trailing_stop
2022-11-01,2022-11-17,AAPL,stock,152.53,144.76,,4209.0,27.5956,-214.46,-5.09,12,0.0,trailing_stop
2022-11-01,2022-11-30,INTC,stock,27.43,27.43,,4209.0,153.4613,-0.0,-0.0,20,0.95,trailing_stop
2022-11-01,2023-01-20,ETN,stock,144.51,144.51,,4209.0,29.1275,-0.0,-0.0,54,1.82,trailing_stop
2022-11-01,2023-07-25,RTX,stock,88.37,83.87,,4209.0,47.6291,-214.46,-5.1,181,1.88,trailing_stop
2022-11-02,2022-11-28,O,stock,51.57,51.57,,4209.0,81.6196,-0.0,-0.0,17,1.23,trailing_stop
2022-11-03,2022-11-16,SOYB,stock,27.28,27.28,,4082.0,149.6567,-0.0,-0.0,9,0.54,trailing_stop
2022-11-10,2022-11-28,WELL,stock,62.75,62.75,,4082.0,65.052,-0.0,-0.0,11,0.74,trailing_stop
2022-11-14,2022-12-15,EWG,stock,23.12,23.12,,4039.0,174.7275,-0.0,-0.0,22,0.85,trailing_stop
2022-11-14,2022-12-16,ASML,stock,559.08,559.08,,4039.0,7.225,-0.0,-0.0,23,1.13,trailing_stop
2022-11-16,2023-02-08,JD,stock,49.84,51.89,,4039.0,81.0503,166.3,4.12,56,2.02,trailing_stop
2022-11-17,2023-02-03,BABA,stock,73.84,103.33,,4018.0,54.4102,1604.49,39.93,52,5.41,trailing_stop
2022-12-01,2022-12-28,PDD,stock,79.32,79.32,,4018.0,50.6546,-0.0,-0.0,18,1.16,trailing_stop
2022-12-01,2023-01-10,NOVO-B.CO,stock,420.7,438.96,,4018.0,9.5505,174.44,4.34,27,2.31,trailing_stop
2022-12-02,2023-01-31,MRK,option_us,7.99,5.29,93.19,5625.0,7.04,-1900.08,-33.78,39,0.44,dte_exit
2022-12-06,2023-03-07,BIDU,option_us,22.78,32.83,112.87,5961.0,2.62,2629.4,44.11,61,1.2,dte_exit
2022-12-15,2023-03-10,KBC.BR,stock,47.42,55.87,,4258.0,89.7901,758.36,17.81,60,5.56,trailing_stop
2022-12-23,2023-01-09,DBA,stock,17.88,17.56,,4258.0,238.1846,-76.16,-1.79,9,0.28,trailing_stop
2023-01-13,2023-01-31,0700.HK,stock,356.17,364.84,,4268.0,11.9825,103.79,2.43,9,1.85,trailing_stop
2023-01-13,2023-02-03,DBB,stock,18.49,18.49,,4268.0,230.7996,-0.0,-0.0,14,1.18,trailing_stop
2023-01-13,2023-04-04,AI.PA,option_eu,11.03,15.43,117.54,5975.0,5.42,2386.86,39.95,57,0.4,dte_exit
2023-01-20,2023-02-06,EMB,stock,75.07,75.07,,4268.0,56.8488,-0.0,-0.0,11,0.72,trailing_stop
2023-02-03,2023-02-16,AMD,stock,86.74,82.32,,4249.0,48.9807,-216.47,-5.1,9,0.0,trailing_stop
2023-02-03,2023-02-16,SPXL,stock,73.98,73.98,,4249.0,57.4272,-0.0,-0.0,9,0.27,trailing_stop
2023-02-03,2023-02-16,SMH,stock,122.58,122.58,,4249.0,34.6608,-0.0,-0.0,9,0.35,trailing_stop
2023-02-03,2023-05-02,TQQQ,option_us,2.53,2.01,11.52,5948.0,23.51,-1212.28,-20.38,60,0.09,dte_exit
2023-02-06,2023-02-21,SAN.MC,stock,3.08,3.08,,4249.0,1377.9156,-0.0,-0.0,11,0.59,trailing_stop
2023-02-09,2023-02-23,MSFT,stock,267.06,253.46,,4265.0,15.971,-217.32,-5.1,9,0.0,trailing_stop
2023-02-20,2023-03-14,TEF.MC,stock,3.15,3.15,,4244.0,1346.5327,-0.0,-0.0,16,1.34,trailing_stop
2023-02-21,2023-05-02,AIR.PA,option_eu,11.72,10.51,110.99,5941.0,5.07,-613.15,-10.32,47,0.13,dte_exit
2023-02-22,2023-03-10,DE,stock,412.16,391.16,,4244.0,10.2962,-216.21,-5.1,12,0.02,trailing_stop
2023-02-22,2023-03-22,EXC,stock,37.39,35.48,,4244.0,113.51,-216.21,-5.1,20,0.17,trailing_stop
2023-02-23,2023-03-09,HSBC,stock,30.37,30.37,,4222.0,138.9943,-0.0,-0.0,10,0.34,trailing_stop
2023-03-07,2023-03-20,UNG,stock,34.79,29.55,,4485.0,128.8945,-676.54,-15.09,9,0.0,emergency_stop
2023-03-31,2023-04-17,LSEG.L,stock,7538.09,7538.09,,4450.0,0.5903,-0.0,-0.0,9,0.56,trailing_stop
2023-03-31,2023-05-10,ABI.BR,stock,57.6,54.85,,4450.0,77.2514,-212.53,-4.78,25,0.31,trailing_stop
2023-04-03,2023-04-18,ERIC-B.ST,stock,54.8,54.8,,4450.0,81.2002,-0.0,-0.0,9,0.6,trailing_stop
2023-04-03,2023-04-20,IFX.DE,stock,36.43,34.57,,4450.0,122.1602,-226.72,-5.09,11,0.0,trailing_stop
2023-04-04,2023-07-06,EWJ,stock,53.89,56.44,,4688.0,86.9936,221.57,4.73,63,4.31,trailing_stop
2023-04-04,2023-06-06,ADS.DE,option_eu,18.0,10.99,152.7,6564.0,3.65,-2556.96,-38.96,42,0.09,dte_exit
2023-04-04,2023-06-06,HYG,option_us,4.15,3.57,60.11,6564.0,15.81,-913.07,-13.91,43,0.0,dte_exit
2023-04-17,2023-05-23,MC.PA,stock,843.85,800.86,,4688.0,5.5561,-238.88,-5.1,25,0.23,trailing_stop
2023-04-19,2023-05-02,BAC,stock,27.9,26.48,,4688.0,168.0401,-238.88,-5.09,9,0.0,trailing_stop
2023-04-25,2023-05-22,NESN.SW,stock,108.78,105.17,,4666.0,42.8917,-154.86,-3.32,17,0.02,trailing_stop
2023-05-02,2023-07-04,ULVR.L,option_eu,298.49,41.19,4059.63,6243.0,0.21,-5381.53,-86.2,43,0.0,dte_exit
2023-05-03,2023-05-17,LSEG.L,stock,8162.0,8162.0,,4459.0,0.5464,-0.0,-0.0,9,0.52,trailing_stop
2023-05-08,2023-08-01,SLV,option_us,2.01,0.91,22.32,6243.0,31.06,-3429.28,-54.93,58,0.0,dte_exit
2023-05-10,2023-07-10,BMW.DE,stock,90.01,95.31,,4438.0,49.309,261.61,5.89,43,2.71,trailing_stop
2023-05-18,2023-08-14,BIDU,stock,129.01,135.58,,4438.0,34.4017,226.11,5.09,59,2.67,trailing_stop
2023-05-22,2023-07-27,NOW,stock,101.42,111.87,,4423.0,43.6066,455.45,10.3,45,3.59,trailing_stop
2023-05-23,2023-06-22,ABBN.SW,stock,32.1,32.7,,4399.0,137.0439,83.11,1.89,21,2.35,trailing_stop
2023-06-09,2023-06-23,CAT,stock,225.89,225.89,,4052.0,17.9368,-0.0,-0.0,9,0.94,trailing_stop
2023-06-09,2023-07-10,ITX.MC,stock,30.81,30.81,,4052.0,131.5261,-0.0,-0.0,21,1.44,trailing_stop
2023-06-22,2023-09-05,BITO,option_us,0.74,0.05,4.77,5684.0,76.99,-5313.23,-93.48,51,0.07,dte_exit
2023-06-26,2023-07-10,AMZN,stock,129.46,129.46,,4060.0,31.3616,-0.0,-0.0,9,0.13,trailing_stop
2023-07-05,2023-07-18,IBE.MC,stock,10.71,10.22,,3522.0,328.9543,-159.64,-4.53,9,0.0,trailing_stop
2023-07-10,2023-08-03,SPG,stock,103.07,103.07,,3570.0,34.6387,-0.0,-0.0,18,1.25,trailing_stop
2023-07-11,2023-10-02,HAL,stock,34.03,37.22,,3570.0,104.9198,335.42,9.39,58,2.75,trailing_stop
2023-07-11,2023-10-04,BNO,stock,26.53,30.96,,3570.0,134.5906,596.52,16.71,60,5.08,trailing_stop
2023-07-12,2023-08-16,XLI,stock,105.88,103.0,,3570.0,33.721,-96.94,-2.72,25,0.31,trailing_stop
2023-07-20,2023-08-02,MS,stock,85.16,82.18,,3554.0,41.736,-124.27,-3.5,9,0.35,trailing_stop
2023-07-25,2023-08-10,GS,stock,334.97,317.9,,3533.0,10.5466,-180.0,-5.1,12,0.0,trailing_stop
2023-07-27,2023-08-11,PDD,stock,85.27,80.92,,3578.0,41.9673,-182.32,-5.1,11,0.63,trailing_stop
2023-08-01,2023-08-14,FXI,stock,27.94,26.51,,3235.0,115.8127,-164.84,-5.1,9,0.0,trailing_stop
2023-08-02,2023-08-15,CPER,stock,23.91,22.92,,3223.0,134.7751,-134.01,-4.16,9,0.22,trailing_stop
2023-08-04,2023-08-17,CHTR,stock,424.39,424.39,,3223.0,7.5944,-0.0,-0.0,9,0.17,trailing_stop
2023-08-14,2023-10-31,DIS,option_us,8.71,1.34,82.6,4470.0,5.13,-3782.09,-84.61,55,0.0,dte_exit
2023-08-15,2023-10-04,OXY,stock,61.89,58.73,,3179.0,51.3751,-162.0,-5.1,35,0.83,trailing_stop
2023-08-31,2023-09-15,PDD,stock,98.1,98.1,,3170.0,32.3126,-0.0,-0.0,10,0.62,trailing_stop
2023-08-31,2023-12-12,T,stock,12.95,14.58,,3170.0,244.8312,398.9,12.58,71,5.73,trailing_stop
2023-09-04,2023-12-05,AIR.PA,option_eu,10.85,9.19,123.05,4438.0,4.09,-677.07,-15.26,66,0.03,dte_exit
2023-09-05,2023-09-21,RIO.AX,stock,102.29,102.29,,2638.0,25.7939,-0.0,-0.0,12,0.66,trailing_stop
2023-09-05,2023-09-21,AVGO,stock,84.26,79.97,,2638.0,31.3125,-134.43,-5.1,12,0.03,trailing_stop
2023-09-05,2023-12-05,ADBE,option_us,59.09,75.75,529.99,3694.0,0.63,1041.89,28.21,64,0.63,dte_exit
2023-09-18,2023-09-29,DUK,stock,86.66,82.24,,2638.0,30.447,-134.43,-5.1,9,0.0,trailing_stop
2023-11-07,2023-11-20,SBUX,stock,97.88,97.88,,2310.0,23.6042,-0.0,-0.0,9,0.74,trailing_stop
2023-11-07,2023-11-20,XLU,stock,28.84,28.84,,2310.0,80.1055,-0.0,-0.0,9,0.22,trailing_stop
2023-11-07,2023-12-04,SOYB,stock,28.43,27.75,,2310.0,81.2699,-55.38,-2.4,18,0.8,trailing_stop
2023-11-07,2024-01-03,QCOM,stock,113.62,131.09,,2310.0,20.3347,355.28,15.38,38,4.25,trailing_stop
2023-11-07,2024-01-17,AMT,stock,174.02,191.2,,2310.0,13.2761,228.05,9.87,47,2.87,trailing_stop
2023-11-07,2024-01-18,D,stock,40.41,40.41,,2310.0,57.1743,-0.0,-0.0,48,1.84,trailing_stop
2023-11-07,2024-01-30,HYG,option_us,4.33,7.26,61.32,3235.0,7.47,2187.25,67.62,56,0.78,dte_exit
2023-11-20,2023-12-04,0700.HK,stock,311.09,311.09,,2310.0,7.4267,-0.0,-0.0,10,0.68,trailing_stop
2023-11-20,2024-01-18,O,stock,46.41,49.47,,2310.0,49.7865,152.34,6.59,39,3.1,trailing_stop
2023-12-04,2024-01-09,SAND.ST,stock,196.38,196.38,,2305.0,11.7368,-0.0,-0.0,23,1.56,trailing_stop
2023-12-04,2024-01-22,DUK,stock,84.69,87.33,,2305.0,27.2156,71.96,3.12,32,2.5,trailing_stop
2023-12-05,2024-01-17,AVB,stock,163.81,164.25,,2341.0,14.2933,6.33,0.27,28,2.01,trailing_stop
2023-12-05,2024-01-19,IEF,stock,86.69,87.41,,2341.0,27.0066,19.35,0.83,30,2.39,trailing_stop
2023-12-12,2024-04-10,CRH,stock,62.25,80.08,,2381.0,38.2497,681.7,28.63,81,9.48,trailing_stop
2024-01-04,2024-03-05,RTX,option_us,6.42,8.93,78.1,3383.0,5.27,1325.04,39.16,41,0.68,dte_exit
2024-01-10,2024-04-09,NVDA,stock,53.64,84.56,,2417.0,45.0574,1393.53,57.66,61,15.06,trailing_stop
2024-01-17,2024-01-30,SHY,stock,75.62,75.62,,2440.0,32.2705,-0.0,-0.0,9,0.16,trailing_stop
2024-01-19,2024-02-01,AMD,stock,165.97,165.97,,2457.0,14.8063,-0.0,-0.0,9,1.12,trailing_stop
2024-01-22,2024-04-15,SMH,stock,187.58,217.15,,2465.0,13.1385,388.54,15.77,58,5.38,trailing_stop
2024-01-23,2024-02-05,AVGO,stock,119.52,119.52,,2465.0,20.6209,-0.0,-0.0,9,0.54,trailing_stop
2024-01-23,2024-02-05,CRM,stock,277.74,277.74,,2465.0,8.8737,-0.0,-0.0,9,0.59,trailing_stop
2024-01-23,2024-02-20,IBM,stock,161.91,173.14,,2465.0,15.2221,170.95,6.94,19,3.49,trailing_stop
2024-01-30,2024-03-22,MC.PA,stock,746.48,791.32,,2683.0,3.5945,161.16,6.01,38,2.26,trailing_stop
2024-01-30,2024-04-10,AXP,stock,196.41,213.38,,2683.0,13.6616,231.81,8.64,49,3.46,trailing_stop
2024-02-01,2024-04-15,PSX,stock,134.66,149.28,,2683.0,19.9263,291.24,10.85,50,4.67,trailing_stop
2024-02-05,2024-04-10,ETN,stock,262.15,300.45,,2683.0,10.2357,392.01,14.61,45,5.69,trailing_stop
2024-02-05,2024-05-07,XLI,option_us,8.2,15.27,106.3,3757.0,4.58,3242.69,86.32,64,1.11,dte_exit
2024-02-20,2024-03-04,OXY,stock,58.06,58.06,,2700.0,46.5062,-0.0,-0.0,9,0.31,trailing_stop
2024-03-04,2024-03-15,CRM,stock,311.1,295.25,,2700.0,8.6799,-137.58,-5.09,9,0.0,trailing_stop
2024-03-05,2024-05-07,GLD,option_us,13.22,27.26,187.57,3966.0,3.0,4209.11,106.13,44,1.62,dte_exit
2024-03-15,2024-06-04,ADS.DE,option_eu,19.35,36.17,193.23,3947.0,2.04,3430.36,86.92,54,0.96,dte_exit
2024-03-22,2024-04-11,MS,stock,88.24,84.14,,2835.0,32.1317,-131.81,-4.65,13,0.12,trailing_stop
2024-04-09,2024-04-22,SLV,stock,25.78,25.78,,2975.0,115.4019,-0.0,-0.0,9,0.58,trailing_stop
2024-04-10,2024-04-23,PPLT,stock,88.93,87.02,,3105.0,34.9169,-66.67,-2.15,9,0.39,trailing_stop
2024-04-10,2024-05-22,CPER,stock,26.73,29.5,,3105.0,116.1806,322.04,10.37,30,6.7,trailing_stop
2024-04-10,2024-05-31,DBB,stock,17.88,19.41,,3105.0,173.6718,265.79,8.56,36,5.28,trailing_stop
2024-04-11,2024-04-24,RIO.AX,stock,115.03,115.03,,3092.0,26.8793,-0.0,-0.0,9,1.28,trailing_stop
2024-04-15,2024-04-26,BP,stock,35.34,35.34,,3160.0,89.405,-0.0,-0.0,9,0.04,trailing_stop
2024-05-07,2024-05-30,CORN,stock,20.79,20.09,,3898.0,187.5079,-131.38,-3.37,16,0.2,trailing_stop
2024-05-07,2024-06-03,SOYB,stock,26.01,24.98,,3898.0,149.9053,-153.25,-3.93,18,0.0,trailing_stop
2024-05-07,2024-07-24,AAPL,stock,181.98,215.69,,3898.0,21.4226,722.28,18.53,53,6.3,trailing_stop
2024-05-07,2024-08-06,COST,option_us,59.0,99.75,714.07,5458.0,0.93,3769.85,69.07,62,1.85,dte_exit
2024-05-08,2024-05-30,WBC.AX,stock,25.36,24.1,,3898.0,153.7459,-193.07,-4.95,16,0.0,trailing_stop
2024-05-08,2024-06-13,PFE,stock,24.33,24.33,,3898.0,160.2545,-0.0,-0.0,25,1.83,trailing_stop
2024-05-09,2024-05-22,IFX.DE,stock,35.54,35.54,,3898.0,109.7052,-0.0,-0.0,9,0.68,trailing_stop
2024-05-22,2024-06-04,SAND.ST,stock,230.11,218.38,,3931.0,17.0816,-200.27,-5.09,9,0.0,trailing_stop
2024-05-22,2024-06-04,RIO.AX,stock,122.72,116.47,,3931.0,32.028,-200.27,-5.09,9,0.0,trailing_stop
2024-05-30,2024-08-06,TMUS,option_us,10.78,29.36,155.81,5457.0,5.06,9403.23,172.3,46,1.72,dte_exit
2024-06-04,2024-06-17,NKE,stock,90.71,88.9,,4212.0,46.4382,-84.18,-2.0,9,0.74,trailing_stop
2024-06-04,2024-06-17,RTX,stock,104.09,100.9,,4212.0,40.4707,-128.75,-3.06,9,0.36,trailing_stop
2024-06-04,2024-07-23,T,stock,16.55,16.95,,4212.0,254.5528,101.83,2.42,33,2.4,trailing_stop
2024-06-05,2024-06-18,TEF.MC,stock,3.97,3.76,,4212.0,1062.1484,-214.62,-5.1,9,0.0,trailing_stop
2024-06-05,2024-08-06,ERIC-B.ST,option_eu,5.6,6.69,59.2,5897.0,10.52,1142.17,19.37,42,0.84,dte_exit
2024-06-07,2024-06-21,ASML,stock,1025.79,1025.79,,4212.0,4.1065,-0.0,-0.0,9,0.43,trailing_stop
2024-06-14,2024-06-28,ORCL,stock,136.95,136.95,,4212.0,30.7593,-0.0,-0.0,9,0.69,trailing_stop
2024-06-18,2024-08-05,ADBE,stock,515.22,515.22,,4170.0,8.0929,-0.0,-0.0,32,1.75,trailing_stop
2024-06-20,2024-07-03,QCOM,stock,215.86,204.86,,4170.0,19.3166,-212.44,-5.1,9,0.0,trailing_stop
2024-06-20,2024-07-05,NAB.AX,stock,34.16,32.94,,4170.0,122.0622,-149.23,-3.58,11,0.28,trailing_stop
2024-06-21,2024-07-17,EWT,stock,50.52,50.52,,4170.0,82.5317,-0.0,-0.0,17,1.43,trailing_stop
2024-07-01,2024-07-15,AMZN,stock,193.68,193.68,,4170.0,21.5283,-0.0,-0.0,9,0.73,trailing_stop
2024-07-04,2024-07-17,WDS.AX,stock,25.72,25.72,,4148.0,161.2615,-0.0,-0.0,9,0.06,trailing_stop
2024-07-09,2024-07-22,META,stock,531.21,504.15,,4134.0,7.7813,-210.6,-5.1,9,0.02,trailing_stop
2024-07-15,2024-07-26,GLD,stock,223.61,220.59,,4134.0,18.485,-55.94,-1.35,9,1.0,trailing_stop
2024-07-17,2024-08-02,GS,stock,485.56,460.82,,4134.0,8.5129,-210.6,-5.1,12,0.27,trailing_stop
2024-07-17,2024-08-02,JPM,stock,207.37,197.99,,4134.0,19.9334,-186.88,-4.52,12,0.16,trailing_stop
2024-07-22,2024-08-02,VOLV-B.ST,stock,265.44,251.91,,4112.0,15.4932,-209.53,-5.1,9,0.0,trailing_stop
2024-07-23,2024-10-01,BATS.L,option_eu,170.78,315.42,2206.15,5772.0,0.34,4888.47,84.7,49,1.73,dte_exit
2024-07-25,2024-11-06,SAP,stock,208.6,226.35,,4195.0,20.1092,356.95,8.51,73,3.73,trailing_stop
2024-07-26,2024-10-23,TMO,stock,597.91,567.45,,4189.0,7.0064,-213.44,-5.09,62,0.8,trailing_stop
2024-08-02,2024-09-04,AIR.PA,stock,129.86,129.86,,4129.0,31.793,-0.0,-0.0,23,1.31,trailing_stop
2024-08-05,2024-10-14,LSEG.L,stock,9519.41,9941.17,,4129.0,0.4337,182.92,4.43,49,2.8,trailing_stop
2024-08-05,2024-11-12,ED,stock,97.1,92.15,,4129.0,42.5193,-210.35,-5.1,70,1.3,trailing_stop
2024-08-05,2025-03-12,ABT,stock,108.31,129.18,,4129.0,38.1172,795.48,19.27,150,4.86,trailing_stop
2024-08-16,2024-09-05,LLY,stock,919.38,919.38,,5560.0,6.0477,-0.01,-0.0,13,0.39,trailing_stop
2024-08-19,2024-11-05,PDD,option_us,17.41,4.1,142.84,7784.0,4.47,-5953.42,-76.48,55,1.22,dte_exit
2024-08-20,2024-09-03,JD,stock,27.87,26.45,,5560.0,199.4731,-283.29,-5.1,9,0.0,trailing_stop
2024-09-05,2024-10-07,DUK,stock,111.75,107.74,,5532.0,49.5025,-198.39,-3.59,22,0.0,trailing_stop
2024-09-05,2024-10-22,LMT,stock,552.86,563.25,,5532.0,10.0057,104.0,1.88,33,2.93,trailing_stop
2024-09-05,2024-11-05,T,option_us,1.46,2.56,18.37,7744.0,52.95,5808.33,75.0,43,1.06,dte_exit
2024-10-01,2024-10-14,MC.PA,stock,658.57,625.01,,6021.0,9.142,-306.75,-5.1,9,0.0,trailing_stop
2024-10-07,2024-10-18,MPC,stock,165.88,157.42,,6001.0,36.1762,-305.74,-5.1,9,0.0,trailing_stop
2024-10-15,2024-12-10,WFC,stock,60.98,70.18,,5988.0,98.201,903.41,15.09,39,4.76,trailing_stop
2024-10-15,2024-12-17,BAC,stock,41.82,43.65,,5988.0,143.1829,261.6,4.37,44,3.14,trailing_stop
2024-10-18,2024-11-04,USB,stock,47.54,45.12,,5958.0,125.3155,-303.55,-5.1,11,0.0,trailing_stop
2024-10-22,2024-11-08,NOK,stock,4.57,4.39,,5968.0,1305.2434,-233.3,-3.91,13,0.96,trailing_stop
2024-10-23,2024-11-06,SLV,stock,31.13,29.54,,5947.0,191.0263,-302.99,-5.09,10,0.16,trailing_stop
2024-11-04,2024-11-11,ABBV,stock,195.53,166.03,,5917.0,30.259,-892.5,-15.08,5,0.0,emergency_stop
2024-11-05,2024-12-09,CHTR,stock,377.82,377.82,,5902.0,15.6213,-0.01,-0.0,23,1.12,trailing_stop
2024-11-08,2024-11-21,AMZN,stock,209.93,199.23,,5884.0,28.0287,-299.79,-5.1,9,0.39,trailing_stop
2024-11-08,2024-11-22,INTU,stock,672.98,646.72,,5884.0,8.7433,-229.55,-3.9,10,0.91,trailing_stop
2024-11-08,2024-12-18,CRH,stock,98.35,94.18,,5884.0,59.8253,-249.81,-4.25,27,0.78,trailing_stop
2024-11-08,2025-02-04,INTC,option_us,3.72,0.05,24.7,8238.0,22.14,-8125.01,-98.63,57,0.0,dte_exit
2024-11-11,2025-02-04,HYG,option_us,4.83,4.79,70.17,8113.0,16.79,-75.56,-0.93,56,0.02,dte_exit
2024-11-12,2024-12-02,SRE,stock,88.83,88.83,,5774.0,64.9991,-0.01,-0.0,13,0.55,trailing_stop
2024-11-21,2024-12-04,NAB.AX,stock,37.84,37.84,,5744.0,151.7849,-0.01,-0.0,9,0.39,trailing_stop
2024-11-25,2024-12-09,ZURN.SW,stock,524.67,524.67,,5721.0,10.9036,-0.01,-0.0,10,0.61,trailing_stop
2024-12-03,2025-02-04,AIR.PA,option_eu,13.21,21.93,139.96,8009.0,6.06,5283.76,65.97,42,0.75,dte_exit
2024-12-04,2024-12-20,ADS.DE,stock,233.19,233.19,,5721.0,24.5334,-0.01,-0.0,12,0.88,trailing_stop
2024-12-10,2025-01-03,MC.PA,stock,627.59,595.62,,5811.0,9.2595,-296.08,-5.09,15,0.11,trailing_stop
2024-12-11,2024-12-27,BAS.DE,stock,42.52,41.17,,5811.0,136.671,-184.5,-3.17,9,0.17,trailing_stop
2024-12-11,2025-01-08,FXI,stock,30.27,28.72,,5811.0,191.9977,-296.08,-5.1,18,0.07,trailing_stop
2024-12-17,2025-03-04,KBC.BR,option_eu,5.89,11.77,65.74,8172.0,13.86,8143.19,99.64,52,1.38,dte_exit
2024-12-24,2025-01-31,UNG,stock,16.02,15.92,,5812.0,362.9094,-34.92,-0.6,24,2.93,trailing_stop
2025-01-08,2025-01-27,BP,stock,28.97,28.97,,5735.0,197.9653,-0.01,-0.0,11,0.64,trailing_stop
2025-01-08,2025-01-29,DHR,stock,237.36,237.36,,5735.0,24.1606,-0.01,-0.0,13,1.36,trailing_stop
2025-01-08,2025-02-03,TGT,stock,131.9,125.18,,5735.0,43.4767,-292.18,-5.09,16,0.54,trailing_stop
2025-01-08,2025-04-03,INGA.AS,stock,14.24,16.39,,5735.0,402.7686,865.85,15.1,61,7.77,trailing_stop
2025-01-27,2025-02-07,OR.PA,stock,350.7,336.56,,5735.0,16.352,-231.27,-4.03,9,0.66,trailing_stop
2025-01-29,2025-03-31,BABA,stock,98.7,127.52,,5735.0,58.0999,1674.21,29.19,42,10.38,trailing_stop
2025-01-31,2025-02-13,IBM,stock,248.43,248.43,,5731.0,23.0693,-0.01,-0.0,9,0.64,trailing_stop
2025-02-03,2025-02-24,BIDU,stock,86.92,86.92,,5702.0,65.6027,-0.01,-0.0,14,1.69,trailing_stop
2025-02-04,2025-05-06,GLD,option_us,18.89,67.09,248.74,7574.0,4.01,19321.31,255.09,63,2.58,dte_exit
2025-02-05,2025-03-06,DTE.DE,stock,31.44,32.33,,5410.0,172.08,152.39,2.82,21,2.83,trailing_stop
2025-02-07,2025-03-10,LLY,stock,869.46,825.16,,5387.0,6.196,-274.48,-5.09,20,1.15,trailing_stop
2025-02-07,2025-04-04,SAN.MC,stock,5.44,5.71,,5387.0,990.8716,274.83,5.1,40,3.53,trailing_stop
2025-02-13,2025-03-14,KO,stock,66.63,66.63,,5387.0,80.8502,-0.01,-0.0,20,1.23,trailing_stop
2025-02-24,2025-03-10,FXI,stock,34.96,34.96,,5387.0,154.1056,-0.01,-0.0,10,0.67,trailing_stop
2025-05-05,2025-05-23,AI.PA,stock,182.01,182.01,,6550.0,35.989,-0.01,-0.0,14,0.54,trailing_stop
2025-05-05,2025-08-05,ETN,stock,293.89,362.64,,6550.0,22.2882,1532.34,23.39,63,4.43,trailing_stop
2025-05-05,2025-08-07,MSFT,stock,430.01,517.01,,6550.0,15.2329,1325.3,20.23,65,4.06,trailing_stop
2025-05-05,2025-08-14,DE,stock,476.22,486.55,,6550.0,13.7549,142.07,2.17,70,2.0,trailing_stop
2025-05-06,2025-07-18,META,stock,591.27,690.92,,8482.0,14.3461,1429.61,16.85,50,3.24,trailing_stop
2025-05-06,2025-08-01,SPXL,stock,129.56,175.55,,8482.0,65.4732,3011.35,35.5,60,4.0,trailing_stop
2025-05-06,2025-08-01,TQQQ,stock,27.91,41.56,,8482.0,303.9293,4147.5,48.9,60,4.58,trailing_stop
2025-05-06,2025-08-07,CAT,stock,319.03,407.99,,8482.0,26.5881,2365.33,27.89,64,6.39,trailing_stop
2025-05-08,2025-09-02,BATS.L,stock,3179.56,3963.89,,8482.0,2.6678,2092.44,24.67,81,10.55,trailing_stop
2025-05-12,2025-07-24,IFX.DE,stock,31.99,35.2,,8482.0,265.1923,851.22,10.04,53,2.84,trailing_stop
2025-05-23,2025-08-05,BITO,option_us,1.69,1.52,14.74,11875.0,70.39,-1182.67,-9.96,49,0.47,dte_exit
2025-07-18,2025-10-07,AMD,option_us,22.69,61.46,151.61,12076.0,5.32,20628.86,170.83,56,1.71,dte_exit
2025-07-24,2025-08-19,CSL.AX,stock,261.43,221.99,,8711.0,33.319,-1313.98,-15.08,18,0.36,emergency_stop
2025-08-01,2025-08-14,OR.PA,stock,387.69,387.69,,9426.0,24.3145,-0.01,-0.0,9,0.07,trailing_stop
2025-08-01,2025-09-03,AEP,stock,111.77,107.19,,9426.0,84.3404,-386.05,-4.1,22,0.14,trailing_stop
2025-08-05,2025-08-18,LQD,stock,106.97,106.97,,9461.0,88.4508,-0.01,-0.0,9,0.52,trailing_stop
2025-08-05,2025-11-05,IEF,stock,93.67,95.04,,9461.0,101.0103,138.17,1.46,65,3.14,trailing_stop
2025-08-11,2025-08-29,MUV2.DE,stock,570.37,541.31,,9830.0,17.2352,-500.86,-5.1,14,0.0,trailing_stop
2025-08-11,2025-10-21,GDX,stock,56.24,73.93,,9830.0,174.8004,3093.2,31.47,50,9.93,trailing_stop
2025-08-14,2025-08-27,EWJ,stock,75.96,75.96,,9845.0,129.6093,-0.01,-0.0,9,0.8,trailing_stop
2025-08-14,2025-10-07,EWZ,stock,26.95,28.8,,9845.0,365.2471,672.79,6.83,37,3.43,trailing_stop
2025-08-18,2025-11-04,INTC,option_us,3.68,14.15,22.8,13783.0,37.48,39250.23,284.78,55,4.07,dte_exit
2025-08-19,2025-09-02,UNH,stock,302.86,302.86,,9713.0,32.0714,-0.01,-0.0,9,0.03,trailing_stop
2025-08-28,2025-10-21,LMT,stock,445.27,477.57,,9713.0,21.8145,704.73,7.26,37,4.69,trailing_stop
2025-09-02,2025-09-25,TIP,stock,109.38,109.75,,9872.0,90.26,33.23,0.34,17,1.97,trailing_stop
2025-09-03,2025-09-17,SLV,stock,37.37,37.37,,9834.0,263.1659,-0.01,-0.0,10,1.23,trailing_stop
2025-09-03,2025-10-10,BABA,stock,136.84,167.3,,9834.0,71.8653,2189.05,22.26,27,5.76,trailing_stop
2025-09-03,2025-10-22,GLD,stock,328.09,373.51,,9834.0,29.9731,1361.33,13.84,35,13.84,trailing_stop
2025-09-17,2025-10-10,VWO,stock,53.23,51.97,,9834.0,184.7534,-231.6,-2.36,17,0.82,trailing_stop
2025-09-25,2025-10-08,HAL,stock,23.91,23.91,,9837.0,411.4981,-0.01,-0.0,9,0.59,trailing_stop
2025-10-07,2026-01-30,CPER,stock,31.54,36.39,,11967.0,379.414,1839.32,15.37,79,6.72,trailing_stop
2025-10-07,2026-01-30,DBB,stock,20.73,24.05,,11967.0,577.377,1916.28,16.01,79,9.59,trailing_stop
2025-10-08,2026-01-06,BITO,option_us,2.0,0.07,16.3,16754.0,83.69,-16165.15,-96.48,61,0.0,dte_exit
2025-10-10,2025-10-23,CSCO,stock,70.11,70.11,,12163.0,173.4967,-0.01,-0.0,9,0.11,trailing_stop
2025-10-10,2025-10-31,NOK,stock,5.26,6.91,,12163.0,2310.8633,3798.72,31.23,15,11.76,trailing_stop
2025-10-22,2025-11-04,TEF.MC,stock,4.43,3.76,,12679.0,2863.752,-1912.62,-15.09,9,0.0,emergency_stop
2025-10-22,2025-11-04,OR.PA,stock,377.03,357.82,,12679.0,33.6288,-645.99,-5.1,9,0.0,trailing_stop
2025-10-22,2026-01-06,RI.PA,option_eu,7.84,0.28,81.88,17751.0,22.64,-17121.6,-96.46,51,0.0,dte_exit
2025-10-23,2026-03-05,KO,stock,69.91,76.28,,12679.0,181.3721,1156.89,9.12,90,5.23,trailing_stop
2025-10-31,2025-11-13,NVDA,stock,206.63,196.11,,13059.0,63.1979,-665.35,-5.1,9,0.02,trailing_stop
2025-11-04,2025-11-17,AMZN,stock,250.63,237.86,,16728.0,66.7437,-852.29,-5.1,9,0.0,trailing_stop
2025-11-05,2025-11-19,ERIC-B.ST,stock,94.57,89.76,,16742.0,177.0225,-853.0,-5.1,10,0.0,trailing_stop
2025-11-05,2026-01-06,LLY,option_us,103.43,201.34,862.74,23439.0,2.27,22188.22,94.67,41,1.43,dte_exit
2025-11-05,2026-01-06,BATS.L,option_eu,318.35,270.64,3798.64,23439.0,0.74,-3512.51,-14.99,41,0.82,dte_exit
2025-11-13,2026-03-16,PFE,stock,25.54,26.61,,16675.0,652.9557,699.88,4.2,82,1.97,end_of_data
2025-11-17,2025-12-09,UNG,stock,14.51,14.51,,16590.0,1142.9981,-0.02,-0.0,15,1.77,trailing_stop
2025-11-27,2026-03-03,VOLV-B.ST,stock,283.28,334.41,,16505.0,58.2624,2978.67,18.05,62,6.03,trailing_stop
2025-12-09,2026-02-04,UBSG.SW,stock,33.23,35.69,,16505.0,496.6342,1220.83,7.4,35,3.75,trailing_stop
2026-01-06,2026-01-20,VWO,stock,55.67,55.67,,15044.0,270.2502,-0.02,-0.0,9,0.67,trailing_stop
2026-01-06,2026-02-03,BIDU,stock,149.83,142.2,,15044.0,100.4049,-766.47,-5.1,19,1.23,trailing_stop
2026-01-06,2026-03-03,ASML,stock,1222.43,1376.26,,15044.0,12.3063,1893.07,12.58,38,4.86,trailing_stop
2026-01-06,2026-03-16,EEM,option_us,4.11,4.07,54.31,21061.0,51.21,-227.06,-1.08,47,1.29,end_of_data
2026-01-20,2026-02-03,BLK,stock,1138.8,1080.78,,15044.0,13.21,-766.47,-5.1,10,0.0,trailing_stop
2026-01-30,2026-03-09,BHP.AX,stock,50.93,51.7,,15419.0,302.7415,232.53,1.51,26,3.05,trailing_stop
2026-01-30,2026-03-17,WDS.AX,stock,24.29,31.42,,15419.0,634.8288,4527.12,29.36,32,7.66,end_of_data
2026-02-03,2026-03-12,T,stock,26.14,26.76,,15266.0,584.0924,362.12,2.37,26,2.5,trailing_stop
2026-02-03,2026-03-16,PG,option_us,12.74,7.16,144.96,21372.0,16.78,-9362.14,-43.81,28,0.9,end_of_data
2026-02-04,2026-02-18,CSCO,stock,84.06,79.78,,15388.0,183.0509,-784.02,-5.09,9,0.76,trailing_stop
2026-02-24,2026-03-16,WEAT,stock,21.93,22.85,,15310.0,698.0507,640.87,4.19,14,2.28,end_of_data
